nohup: ignoring input

saved results-----------

number of tables=4

data numbers=20

T[0]=10.000000
T[1]=100.000000
T[2]=200.000000
T[3]=300.000000
T[4]=400.000000
T[5]=10.000000
T[6]=100.000000
T[7]=200.000000
T[8]=300.000000
T[9]=400.000000
T[10]=10.000000
T[11]=100.000000
T[12]=200.000000
T[13]=300.000000
T[14]=400.000000
T[15]=10.000000
T[16]=100.000000
T[17]=200.000000
T[18]=300.000000
T[19]=400.000000

h[0]=0.000000
h[1]=1000.000000
h[2]=2000.000000
h[3]=3000.000000
h[4]=4000.000000
h[5]=0.000000
h[6]=1001.000000
h[7]=2001.000000
h[8]=3001.000000
h[9]=4001.000000
h[10]=0.000000
h[11]=1000.000000
h[12]=2000.000000
h[13]=3000.000000
h[14]=4000.000000
h[15]=0.000000
h[16]=1000.000000
h[17]=2000.000000
h[18]=3000.000000
h[19]=4000.000000

k[0]=1.000000
k[1]=1.000000
k[2]=1.000000
k[3]=1.000000
k[4]=1.000000
k[5]=2.000000
k[6]=2.000000
k[7]=2.000000
k[8]=2.000000
k[9]=2.000000
k[10]=1.000000
k[11]=1.000000
k[12]=1.000000
k[13]=1.000000
k[14]=1.000000
k[15]=1.000000
k[16]=1.000000
k[17]=1.000000
k[18]=1.000000
k[19]=1.000000

mu[0]=0.001000
mu[1]=0.001000
mu[2]=0.001000
mu[3]=0.001000
mu[4]=0.001000
mu[5]=0.001000
mu[6]=0.001000
mu[7]=0.001000
mu[8]=0.001000
mu[9]=0.001000
mu[10]=0.000100
mu[11]=0.000100
mu[12]=0.000100
mu[13]=0.000100
mu[14]=0.000100
mu[15]=0.001000
mu[16]=0.001000
mu[17]=0.001000
mu[18]=0.001000
mu[19]=0.001000

N_data[0]=5
N_data[1]=10
N_data[2]=15
N_data[3]=0

Table_size[0]=5
Table_size[1]=5
Table_size[2]=5
Table_size[3]=-15

Table_index[0]=0
Table_index[1]=5
Table_index[2]=10
Table_index[3]=15

### GPU DEVICE PROPERTIES.................................

	Name: NVIDIA GeForce RTX 3090
	Compute capability: 8.6
	Clock rate: 1695000
	Total global memory: 25298141184
	Total constant memory: 65536
	Multiprocessor count: 82
	Shared mem per block: 49152
	Registers per block: 65536
	Threads in warp: 32
	Max threads per block: 1024
	Max thread dimensions: 1024,1024,64
	Max grid dimensions: 2147483647,65535,65535
...........................................................

 ------------------------------------------------------------
 SOPHIA_gpu v.1.0 
 Developed by E.S. Kim,Y.B. Jo,S.H. Park
 2017. 02. 20 
 Optimized by Y.W. Sim, CoCoLink Inc.
 2018, 2019(C) 
 Restructured & Innovated by Eung Soo Kim, Hee Sang Yoo, Young Beom Jo, Hae Yoon Choi, Su-San Park, Jin Woo Kim, Yelyn Ahn, Tae Soo Choi
 ESLAB, SEOUL NATIONAL UNIVERSITY, SOUTH KOREA.
 2019. 08. 08 
------------------------------------------------------------

Input Files have been sucessfully read!!
Total number of SPH particles: 117994
Total number of DEM particles: 4580
Number of SPH particles: 117994
Number of DEM particles: 4580
Input Files have been sucessfully read!!
Number of particles per GPU: 122574
Number of SPH particles per GPU: 117994
Number of DEM particles per GPU: 4580
part2: 122574, part2_sph: 117994, part2_dem: 4580

-----------------------------------------------------------
GPU Domain Division Success
-----------------------------------------------------------

-----------------------------------------------------------
Input Summary: 
-----------------------------------------------------------
	Total number of particles=122574
	Device number of particles=122574
	P2P number of particles=0
	NI=16,	NJ=16,	NK=21
-----------------------------------------------------------

-----------------------------------------------------------
Input Check: 
-----------------------------------------------------------
x min, max : -0.014000 0.014000
y min, max : -0.014000 0.014000
z min, max : -0.022750 0.013750
Cell Size(dcell) 0.001760
Number of Cells Per a GPU in x-direction(calc_area) 16
Decouple Stride 1
-----------------------------------------------------------


-----------------------------
Start Simultion!!
-----------------------------

decouple_stride = 1
save plot...........................
test Particle 4580
time = 0.000000


1000	 rho_max_sph= 1.78	u_max_sph=26.66	ftotal_max_sph=1560205.48

1000	 rho_max_dem=5700.00	u_max_dem= 0.22	ftotal_max_dem= 0.00

2000	 rho_max_sph= 1.78	u_max_sph=25.01	ftotal_max_sph=1304947.46

2000	 rho_max_dem=5700.00	u_max_dem= 0.31	ftotal_max_dem= 0.00

3000	 rho_max_sph= 1.78	u_max_sph=24.77	ftotal_max_sph=1093455.59

3000	 rho_max_dem=5700.00	u_max_dem= 0.51	ftotal_max_dem= 0.00

4000	 rho_max_sph= 1.78	u_max_sph=24.56	ftotal_max_sph=923865.78

4000	 rho_max_dem=5700.00	u_max_dem= 0.57	ftotal_max_dem= 0.00

5000	 rho_max_sph= 1.78	u_max_sph=24.52	ftotal_max_sph=664096.60

5000	 rho_max_dem=5700.00	u_max_dem= 0.63	ftotal_max_dem= 0.00

6000	 rho_max_sph= 1.78	u_max_sph=24.48	ftotal_max_sph=539698.94

6000	 rho_max_dem=5700.00	u_max_dem= 0.65	ftotal_max_dem= 0.00

7000	 rho_max_sph= 1.78	u_max_sph=24.44	ftotal_max_sph=388672.75

7000	 rho_max_dem=5700.00	u_max_dem= 0.64	ftotal_max_dem= 0.00

8000	 rho_max_sph= 1.78	u_max_sph=24.37	ftotal_max_sph=301314.96

8000	 rho_max_dem=5700.00	u_max_dem= 0.62	ftotal_max_dem= 0.00

9000	 rho_max_sph= 1.78	u_max_sph=24.31	ftotal_max_sph=251786.09

9000	 rho_max_dem=5700.00	u_max_dem= 0.58	ftotal_max_dem= 0.00

10000	 rho_max_sph= 1.78	u_max_sph=24.27	ftotal_max_sph=201993.70

10000	 rho_max_dem=5700.00	u_max_dem= 0.58	ftotal_max_dem= 0.00

save plot...........................
test Particle 4580
time = 0.005000


11000	 rho_max_sph= 1.78	u_max_sph=24.24	ftotal_max_sph=186835.78

11000	 rho_max_dem=5700.00	u_max_dem= 0.60	ftotal_max_dem= 0.00

12000	 rho_max_sph= 1.78	u_max_sph=24.22	ftotal_max_sph=160676.58

12000	 rho_max_dem=5700.00	u_max_dem= 0.63	ftotal_max_dem= 0.00

13000	 rho_max_sph= 1.78	u_max_sph=24.21	ftotal_max_sph=160283.76

13000	 rho_max_dem=5700.00	u_max_dem= 0.60	ftotal_max_dem= 0.00

14000	 rho_max_sph= 1.78	u_max_sph=24.21	ftotal_max_sph=160032.63

14000	 rho_max_dem=5700.00	u_max_dem= 0.61	ftotal_max_dem= 0.00

15000	 rho_max_sph= 1.78	u_max_sph=24.21	ftotal_max_sph=159842.40

15000	 rho_max_dem=5700.00	u_max_dem= 0.62	ftotal_max_dem= 0.00

16000	 rho_max_sph= 1.78	u_max_sph=24.21	ftotal_max_sph=159721.27

16000	 rho_max_dem=5700.00	u_max_dem= 0.62	ftotal_max_dem= 0.00

17000	 rho_max_sph= 1.78	u_max_sph=24.21	ftotal_max_sph=159602.96

17000	 rho_max_dem=5700.00	u_max_dem= 0.63	ftotal_max_dem= 0.00

18000	 rho_max_sph= 1.78	u_max_sph=24.21	ftotal_max_sph=159496.02

18000	 rho_max_dem=5700.00	u_max_dem= 0.63	ftotal_max_dem= 0.00

19000	 rho_max_sph= 1.78	u_max_sph=24.21	ftotal_max_sph=159412.18

19000	 rho_max_dem=5700.00	u_max_dem= 0.61	ftotal_max_dem= 0.00

20000	 rho_max_sph= 1.78	u_max_sph=24.21	ftotal_max_sph=159349.24

20000	 rho_max_dem=5700.00	u_max_dem= 0.61	ftotal_max_dem= 0.00

save plot...........................
test Particle 4580
time = 0.010000


21000	 rho_max_sph= 1.78	u_max_sph=24.21	ftotal_max_sph=159310.93

21000	 rho_max_dem=5700.00	u_max_dem= 0.61	ftotal_max_dem= 0.00

22000	 rho_max_sph= 1.78	u_max_sph=24.21	ftotal_max_sph=159276.64

22000	 rho_max_dem=5700.00	u_max_dem= 0.61	ftotal_max_dem= 0.00

23000	 rho_max_sph= 1.78	u_max_sph=24.21	ftotal_max_sph=159251.70

23000	 rho_max_dem=5700.00	u_max_dem= 0.59	ftotal_max_dem= 0.00

24000	 rho_max_sph= 1.78	u_max_sph=24.21	ftotal_max_sph=159226.55

24000	 rho_max_dem=5700.00	u_max_dem= 0.52	ftotal_max_dem= 0.00

25000	 rho_max_sph= 1.78	u_max_sph=24.21	ftotal_max_sph=159194.25

25000	 rho_max_dem=5700.00	u_max_dem= 0.52	ftotal_max_dem= 0.00

26000	 rho_max_sph= 1.78	u_max_sph=24.21	ftotal_max_sph=159168.99

26000	 rho_max_dem=5700.00	u_max_dem= 0.52	ftotal_max_dem= 0.00

27000	 rho_max_sph= 1.78	u_max_sph=24.21	ftotal_max_sph=159152.58

27000	 rho_max_dem=5700.00	u_max_dem= 0.52	ftotal_max_dem= 0.00

28000	 rho_max_sph= 1.78	u_max_sph=24.21	ftotal_max_sph=159141.44

28000	 rho_max_dem=5700.00	u_max_dem= 0.49	ftotal_max_dem= 0.00

29000	 rho_max_sph= 1.78	u_max_sph=24.21	ftotal_max_sph=159132.31

29000	 rho_max_dem=5700.00	u_max_dem= 0.49	ftotal_max_dem= 0.00

30000	 rho_max_sph= 1.78	u_max_sph=24.21	ftotal_max_sph=159120.83

30000	 rho_max_dem=5700.00	u_max_dem= 0.49	ftotal_max_dem= 0.00

save plot...........................
test Particle 4580
time = 0.015000


31000	 rho_max_sph= 1.78	u_max_sph=24.21	ftotal_max_sph=159108.62

31000	 rho_max_dem=5700.00	u_max_dem= 0.48	ftotal_max_dem= 0.00

32000	 rho_max_sph= 1.78	u_max_sph=24.21	ftotal_max_sph=159100.10

32000	 rho_max_dem=5700.00	u_max_dem= 0.48	ftotal_max_dem= 0.00

33000	 rho_max_sph= 1.78	u_max_sph=24.21	ftotal_max_sph=159089.21

33000	 rho_max_dem=5700.00	u_max_dem= 0.48	ftotal_max_dem= 0.00

34000	 rho_max_sph= 1.78	u_max_sph=24.21	ftotal_max_sph=159077.86

34000	 rho_max_dem=5700.00	u_max_dem= 0.48	ftotal_max_dem= 0.00

35000	 rho_max_sph= 1.78	u_max_sph=24.21	ftotal_max_sph=159072.14

35000	 rho_max_dem=5700.00	u_max_dem= 0.48	ftotal_max_dem= 0.00

36000	 rho_max_sph= 1.78	u_max_sph=24.21	ftotal_max_sph=159064.36

36000	 rho_max_dem=5700.00	u_max_dem= 0.47	ftotal_max_dem= 0.00

37000	 rho_max_sph= 1.78	u_max_sph=24.21	ftotal_max_sph=159056.63

37000	 rho_max_dem=5700.00	u_max_dem= 0.46	ftotal_max_dem= 0.00

38000	 rho_max_sph= 1.78	u_max_sph=24.21	ftotal_max_sph=159049.71

38000	 rho_max_dem=5700.00	u_max_dem= 0.46	ftotal_max_dem= 0.00

39000	 rho_max_sph= 1.78	u_max_sph=24.21	ftotal_max_sph=159047.33

39000	 rho_max_dem=5700.00	u_max_dem= 0.45	ftotal_max_dem= 0.00

40000	 rho_max_sph= 1.78	u_max_sph=24.21	ftotal_max_sph=159042.38

40000	 rho_max_dem=5700.00	u_max_dem= 0.45	ftotal_max_dem= 0.00

save plot...........................
test Particle 4580
time = 0.020000


41000	 rho_max_sph= 1.78	u_max_sph=24.21	ftotal_max_sph=159036.25

41000	 rho_max_dem=5700.00	u_max_dem= 0.45	ftotal_max_dem= 0.00

42000	 rho_max_sph= 1.78	u_max_sph=24.21	ftotal_max_sph=159035.18

42000	 rho_max_dem=5700.00	u_max_dem= 0.43	ftotal_max_dem= 0.00

43000	 rho_max_sph= 1.78	u_max_sph=24.21	ftotal_max_sph=159032.88

43000	 rho_max_dem=5700.00	u_max_dem= 0.43	ftotal_max_dem= 0.00

44000	 rho_max_sph= 1.78	u_max_sph=24.21	ftotal_max_sph=159031.25

44000	 rho_max_dem=5700.00	u_max_dem= 0.43	ftotal_max_dem= 0.00

45000	 rho_max_sph= 1.78	u_max_sph=24.21	ftotal_max_sph=159031.32

45000	 rho_max_dem=5700.00	u_max_dem= 0.43	ftotal_max_dem= 0.00

46000	 rho_max_sph= 1.78	u_max_sph=24.21	ftotal_max_sph=159028.00

46000	 rho_max_dem=5700.00	u_max_dem= 0.43	ftotal_max_dem= 0.00

47000	 rho_max_sph= 1.78	u_max_sph=24.21	ftotal_max_sph=159027.87

47000	 rho_max_dem=5700.00	u_max_dem= 0.43	ftotal_max_dem= 0.00

48000	 rho_max_sph= 1.78	u_max_sph=24.21	ftotal_max_sph=159029.01

48000	 rho_max_dem=5700.00	u_max_dem= 0.42	ftotal_max_dem= 0.00

49000	 rho_max_sph= 1.78	u_max_sph=24.21	ftotal_max_sph=159029.36

49000	 rho_max_dem=5700.00	u_max_dem= 0.42	ftotal_max_dem= 0.00

50000	 rho_max_sph= 1.78	u_max_sph=24.21	ftotal_max_sph=159027.01

50000	 rho_max_dem=5700.00	u_max_dem= 0.42	ftotal_max_dem= 0.00

save plot...........................
test Particle 4580
time = 0.025000


51000	 rho_max_sph= 1.78	u_max_sph=24.21	ftotal_max_sph=159030.18

51000	 rho_max_dem=5700.00	u_max_dem= 0.42	ftotal_max_dem= 0.00

52000	 rho_max_sph= 1.78	u_max_sph=24.21	ftotal_max_sph=159022.83

52000	 rho_max_dem=5700.00	u_max_dem= 0.40	ftotal_max_dem= 0.00

53000	 rho_max_sph= 1.78	u_max_sph=24.21	ftotal_max_sph=159030.07

53000	 rho_max_dem=5700.00	u_max_dem= 0.40	ftotal_max_dem= 0.00

54000	 rho_max_sph= 1.78	u_max_sph=24.21	ftotal_max_sph=159026.37

54000	 rho_max_dem=5700.00	u_max_dem= 0.39	ftotal_max_dem= 0.00

55000	 rho_max_sph= 1.78	u_max_sph=24.21	ftotal_max_sph=159026.09

55000	 rho_max_dem=5700.00	u_max_dem= 0.39	ftotal_max_dem= 0.00

56000	 rho_max_sph= 1.78	u_max_sph=24.21	ftotal_max_sph=159031.38

56000	 rho_max_dem=5700.00	u_max_dem= 0.39	ftotal_max_dem= 0.00

57000	 rho_max_sph= 1.78	u_max_sph=24.21	ftotal_max_sph=159033.41

57000	 rho_max_dem=5700.00	u_max_dem= 0.38	ftotal_max_dem= 0.00

58000	 rho_max_sph= 1.78	u_max_sph=24.21	ftotal_max_sph=159027.45

58000	 rho_max_dem=5700.00	u_max_dem= 0.38	ftotal_max_dem= 0.00

59000	 rho_max_sph= 1.78	u_max_sph=24.21	ftotal_max_sph=159026.92

59000	 rho_max_dem=5700.00	u_max_dem= 0.38	ftotal_max_dem= 0.00

60000	 rho_max_sph= 1.78	u_max_sph=24.21	ftotal_max_sph=159027.42

60000	 rho_max_dem=5700.00	u_max_dem= 0.37	ftotal_max_dem= 0.00

save plot...........................
test Particle 4580
time = 0.030000


61000	 rho_max_sph= 1.78	u_max_sph=24.21	ftotal_max_sph=159034.11

61000	 rho_max_dem=5700.00	u_max_dem= 0.37	ftotal_max_dem= 0.00

62000	 rho_max_sph= 1.78	u_max_sph=24.21	ftotal_max_sph=159030.19

62000	 rho_max_dem=5700.00	u_max_dem= 0.35	ftotal_max_dem= 0.00

63000	 rho_max_sph= 1.78	u_max_sph=24.21	ftotal_max_sph=159028.23

63000	 rho_max_dem=5700.00	u_max_dem= 0.35	ftotal_max_dem= 0.00

64000	 rho_max_sph= 1.78	u_max_sph=24.21	ftotal_max_sph=159030.65

64000	 rho_max_dem=5700.00	u_max_dem= 0.35	ftotal_max_dem= 0.00

65000	 rho_max_sph= 1.78	u_max_sph=24.21	ftotal_max_sph=159032.12

65000	 rho_max_dem=5700.00	u_max_dem= 0.34	ftotal_max_dem= 0.00

66000	 rho_max_sph= 1.78	u_max_sph=24.21	ftotal_max_sph=159030.62

66000	 rho_max_dem=5700.00	u_max_dem= 0.34	ftotal_max_dem= 0.00

67000	 rho_max_sph= 1.78	u_max_sph=24.21	ftotal_max_sph=159029.71

67000	 rho_max_dem=5700.00	u_max_dem= 0.34	ftotal_max_dem= 0.00

68000	 rho_max_sph= 1.78	u_max_sph=24.21	ftotal_max_sph=159033.13

68000	 rho_max_dem=5700.00	u_max_dem= 0.33	ftotal_max_dem= 0.00

69000	 rho_max_sph= 1.78	u_max_sph=24.21	ftotal_max_sph=159034.40

69000	 rho_max_dem=5700.00	u_max_dem= 0.33	ftotal_max_dem= 0.00

70000	 rho_max_sph= 1.78	u_max_sph=24.21	ftotal_max_sph=159024.00

70000	 rho_max_dem=5700.00	u_max_dem= 0.34	ftotal_max_dem= 0.00

save plot...........................
test Particle 4580
time = 0.035000


71000	 rho_max_sph= 1.78	u_max_sph=24.21	ftotal_max_sph=159029.72

71000	 rho_max_dem=5700.00	u_max_dem= 0.34	ftotal_max_dem= 0.00

72000	 rho_max_sph= 1.78	u_max_sph=24.21	ftotal_max_sph=159025.86

72000	 rho_max_dem=5700.00	u_max_dem= 0.35	ftotal_max_dem= 0.00

73000	 rho_max_sph= 1.78	u_max_sph=24.21	ftotal_max_sph=159029.59

73000	 rho_max_dem=5700.00	u_max_dem= 0.35	ftotal_max_dem= 0.00

74000	 rho_max_sph= 1.78	u_max_sph=24.21	ftotal_max_sph=159029.14

74000	 rho_max_dem=5700.00	u_max_dem= 0.36	ftotal_max_dem= 0.00

75000	 rho_max_sph= 1.78	u_max_sph=24.21	ftotal_max_sph=159029.31

75000	 rho_max_dem=5700.00	u_max_dem= 0.36	ftotal_max_dem= 0.00

76000	 rho_max_sph= 1.78	u_max_sph=24.21	ftotal_max_sph=159023.76

76000	 rho_max_dem=5700.00	u_max_dem= 0.37	ftotal_max_dem= 0.00

77000	 rho_max_sph= 1.78	u_max_sph=24.21	ftotal_max_sph=159025.52

77000	 rho_max_dem=5700.00	u_max_dem= 0.37	ftotal_max_dem= 0.00

78000	 rho_max_sph= 1.78	u_max_sph=24.21	ftotal_max_sph=159028.75

78000	 rho_max_dem=5700.00	u_max_dem= 0.38	ftotal_max_dem= 0.00

79000	 rho_max_sph= 1.78	u_max_sph=24.21	ftotal_max_sph=159027.53

79000	 rho_max_dem=5700.00	u_max_dem= 0.38	ftotal_max_dem= 0.00

80000	 rho_max_sph= 1.78	u_max_sph=24.21	ftotal_max_sph=159027.44

80000	 rho_max_dem=5700.00	u_max_dem= 0.39	ftotal_max_dem= 0.00

save plot...........................
test Particle 4580
time = 0.040000


81000	 rho_max_sph= 1.78	u_max_sph=24.21	ftotal_max_sph=159029.33

81000	 rho_max_dem=5700.00	u_max_dem= 0.39	ftotal_max_dem= 0.00

82000	 rho_max_sph= 1.78	u_max_sph=24.21	ftotal_max_sph=159034.30

82000	 rho_max_dem=5700.00	u_max_dem= 0.30	ftotal_max_dem= 0.00

83000	 rho_max_sph= 1.78	u_max_sph=24.21	ftotal_max_sph=159031.13

83000	 rho_max_dem=5700.00	u_max_dem= 0.25	ftotal_max_dem= 0.00

84000	 rho_max_sph= 1.78	u_max_sph=24.21	ftotal_max_sph=159029.94

84000	 rho_max_dem=5700.00	u_max_dem= 0.26	ftotal_max_dem= 0.00

85000	 rho_max_sph= 1.78	u_max_sph=24.21	ftotal_max_sph=159027.93

85000	 rho_max_dem=5700.00	u_max_dem= 0.25	ftotal_max_dem= 0.00

86000	 rho_max_sph= 1.78	u_max_sph=24.21	ftotal_max_sph=159032.04

86000	 rho_max_dem=5700.00	u_max_dem= 0.24	ftotal_max_dem= 0.00

87000	 rho_max_sph= 1.78	u_max_sph=24.21	ftotal_max_sph=159033.33

87000	 rho_max_dem=5700.00	u_max_dem= 0.24	ftotal_max_dem= 0.00

88000	 rho_max_sph= 1.78	u_max_sph=24.21	ftotal_max_sph=159035.71

88000	 rho_max_dem=5700.00	u_max_dem= 0.24	ftotal_max_dem= 0.00

89000	 rho_max_sph= 1.78	u_max_sph=24.21	ftotal_max_sph=159028.04

89000	 rho_max_dem=5700.00	u_max_dem= 0.23	ftotal_max_dem= 0.00

90000	 rho_max_sph= 1.78	u_max_sph=24.21	ftotal_max_sph=159029.97

90000	 rho_max_dem=5700.00	u_max_dem= 0.23	ftotal_max_dem= 0.00

save plot...........................
test Particle 4580
time = 0.045000


91000	 rho_max_sph= 1.78	u_max_sph=24.21	ftotal_max_sph=159030.21

91000	 rho_max_dem=5700.00	u_max_dem= 0.23	ftotal_max_dem= 0.00

92000	 rho_max_sph= 1.78	u_max_sph=24.21	ftotal_max_sph=159031.70

92000	 rho_max_dem=5700.00	u_max_dem= 0.22	ftotal_max_dem= 0.00

93000	 rho_max_sph= 1.78	u_max_sph=24.21	ftotal_max_sph=159030.32

93000	 rho_max_dem=5700.00	u_max_dem= 0.19	ftotal_max_dem= 0.00

94000	 rho_max_sph= 1.78	u_max_sph=24.21	ftotal_max_sph=159028.32

94000	 rho_max_dem=5700.00	u_max_dem= 0.19	ftotal_max_dem= 0.00

95000	 rho_max_sph= 1.78	u_max_sph=24.21	ftotal_max_sph=159033.71

95000	 rho_max_dem=5700.00	u_max_dem= 0.19	ftotal_max_dem= 0.00

96000	 rho_max_sph= 1.78	u_max_sph=24.21	ftotal_max_sph=159031.75

96000	 rho_max_dem=5700.00	u_max_dem= 0.19	ftotal_max_dem= 0.00

97000	 rho_max_sph= 1.78	u_max_sph=24.21	ftotal_max_sph=159035.60

97000	 rho_max_dem=5700.00	u_max_dem= 0.18	ftotal_max_dem= 0.00

98000	 rho_max_sph= 1.78	u_max_sph=24.21	ftotal_max_sph=159033.04

98000	 rho_max_dem=5700.00	u_max_dem= 0.18	ftotal_max_dem= 0.00

99000	 rho_max_sph= 1.78	u_max_sph=24.21	ftotal_max_sph=159031.25

99000	 rho_max_dem=5700.00	u_max_dem= 0.18	ftotal_max_dem= 0.00

100000	 rho_max_sph= 1.78	u_max_sph=24.21	ftotal_max_sph=159037.17

100000	 rho_max_dem=5700.00	u_max_dem= 0.17	ftotal_max_dem= 0.00

save plot...........................
test Particle 4580
time = 0.050000


101000	 rho_max_sph= 1.78	u_max_sph=24.21	ftotal_max_sph=159029.25

101000	 rho_max_dem=5700.00	u_max_dem= 0.17	ftotal_max_dem= 0.00

102000	 rho_max_sph= 1.78	u_max_sph=24.21	ftotal_max_sph=159034.12

102000	 rho_max_dem=5700.00	u_max_dem= 0.16	ftotal_max_dem= 0.00

103000	 rho_max_sph= 1.78	u_max_sph=24.21	ftotal_max_sph=159038.64

103000	 rho_max_dem=5700.00	u_max_dem= 0.17	ftotal_max_dem= 0.00

104000	 rho_max_sph= 1.78	u_max_sph=24.21	ftotal_max_sph=159033.64

104000	 rho_max_dem=5700.00	u_max_dem= 0.16	ftotal_max_dem= 0.00

105000	 rho_max_sph= 1.78	u_max_sph=24.21	ftotal_max_sph=159035.20

105000	 rho_max_dem=5700.00	u_max_dem= 0.16	ftotal_max_dem= 0.00

106000	 rho_max_sph= 1.78	u_max_sph=24.21	ftotal_max_sph=159034.24

106000	 rho_max_dem=5700.00	u_max_dem= 0.17	ftotal_max_dem= 0.00

107000	 rho_max_sph= 1.78	u_max_sph=24.21	ftotal_max_sph=159038.67

107000	 rho_max_dem=5700.00	u_max_dem= 0.16	ftotal_max_dem= 0.00

108000	 rho_max_sph= 1.78	u_max_sph=24.21	ftotal_max_sph=159035.17

108000	 rho_max_dem=5700.00	u_max_dem= 0.16	ftotal_max_dem= 0.00

109000	 rho_max_sph= 1.78	u_max_sph=24.21	ftotal_max_sph=159037.89

109000	 rho_max_dem=5700.00	u_max_dem= 0.17	ftotal_max_dem= 0.00

110000	 rho_max_sph= 1.78	u_max_sph=24.21	ftotal_max_sph=159035.10

110000	 rho_max_dem=5700.00	u_max_dem= 0.17	ftotal_max_dem= 0.00

save plot...........................
test Particle 4580
time = 0.055000


111000	 rho_max_sph= 1.78	u_max_sph=24.21	ftotal_max_sph=159036.77

111000	 rho_max_dem=5700.00	u_max_dem= 0.17	ftotal_max_dem= 0.00

112000	 rho_max_sph= 1.78	u_max_sph=24.21	ftotal_max_sph=159037.80

112000	 rho_max_dem=5700.00	u_max_dem= 0.18	ftotal_max_dem= 0.00

113000	 rho_max_sph= 1.78	u_max_sph=24.21	ftotal_max_sph=159037.74

113000	 rho_max_dem=5700.00	u_max_dem= 0.18	ftotal_max_dem= 0.00

114000	 rho_max_sph= 1.78	u_max_sph=24.21	ftotal_max_sph=159040.66

114000	 rho_max_dem=5700.00	u_max_dem= 0.19	ftotal_max_dem= 0.00

115000	 rho_max_sph= 1.78	u_max_sph=24.21	ftotal_max_sph=159040.60

115000	 rho_max_dem=5700.00	u_max_dem= 0.19	ftotal_max_dem= 0.00

116000	 rho_max_sph= 1.78	u_max_sph=24.21	ftotal_max_sph=159040.75

116000	 rho_max_dem=5700.00	u_max_dem= 0.21	ftotal_max_dem= 0.00

117000	 rho_max_sph= 1.78	u_max_sph=24.21	ftotal_max_sph=159040.76

117000	 rho_max_dem=5700.00	u_max_dem= 0.21	ftotal_max_dem= 0.00

118000	 rho_max_sph= 1.78	u_max_sph=24.21	ftotal_max_sph=159042.28

118000	 rho_max_dem=5700.00	u_max_dem= 0.21	ftotal_max_dem= 0.00

119000	 rho_max_sph= 1.78	u_max_sph=24.21	ftotal_max_sph=159045.36

119000	 rho_max_dem=5700.00	u_max_dem= 0.22	ftotal_max_dem= 0.00

120000	 rho_max_sph= 1.78	u_max_sph=24.21	ftotal_max_sph=159042.35

120000	 rho_max_dem=5700.00	u_max_dem= 0.21	ftotal_max_dem= 0.00

save plot...........................
test Particle 4580
time = 0.060000


121000	 rho_max_sph= 1.78	u_max_sph=24.21	ftotal_max_sph=159041.55

121000	 rho_max_dem=5700.00	u_max_dem= 0.21	ftotal_max_dem= 0.00

122000	 rho_max_sph= 1.78	u_max_sph=24.21	ftotal_max_sph=159046.55

122000	 rho_max_dem=5700.00	u_max_dem= 0.22	ftotal_max_dem= 0.00

123000	 rho_max_sph= 1.78	u_max_sph=24.21	ftotal_max_sph=159044.00

123000	 rho_max_dem=5700.00	u_max_dem= 0.22	ftotal_max_dem= 0.00

124000	 rho_max_sph= 1.78	u_max_sph=24.21	ftotal_max_sph=159043.76

124000	 rho_max_dem=5700.00	u_max_dem= 0.23	ftotal_max_dem= 0.00

125000	 rho_max_sph= 1.78	u_max_sph=24.21	ftotal_max_sph=159048.58

125000	 rho_max_dem=5700.00	u_max_dem= 0.23	ftotal_max_dem= 0.00

126000	 rho_max_sph= 1.78	u_max_sph=24.21	ftotal_max_sph=159045.47

126000	 rho_max_dem=5700.00	u_max_dem= 0.24	ftotal_max_dem= 0.00

127000	 rho_max_sph= 1.78	u_max_sph=24.21	ftotal_max_sph=159049.66

127000	 rho_max_dem=5700.00	u_max_dem= 0.25	ftotal_max_dem= 0.00

128000	 rho_max_sph= 1.78	u_max_sph=24.21	ftotal_max_sph=159051.62

128000	 rho_max_dem=5700.00	u_max_dem= 0.25	ftotal_max_dem= 0.00

129000	 rho_max_sph= 1.78	u_max_sph=24.21	ftotal_max_sph=159054.03

129000	 rho_max_dem=5700.00	u_max_dem= 0.25	ftotal_max_dem= 0.00

130000	 rho_max_sph= 1.78	u_max_sph=24.21	ftotal_max_sph=159054.24

130000	 rho_max_dem=5700.00	u_max_dem= 0.26	ftotal_max_dem= 0.00

save plot...........................
test Particle 4580
time = 0.065000


131000	 rho_max_sph= 1.78	u_max_sph=24.21	ftotal_max_sph=159054.18

131000	 rho_max_dem=5700.00	u_max_dem= 0.26	ftotal_max_dem= 0.00

132000	 rho_max_sph= 1.78	u_max_sph=24.21	ftotal_max_sph=159059.73

132000	 rho_max_dem=5700.00	u_max_dem= 0.26	ftotal_max_dem= 0.00

133000	 rho_max_sph= 1.78	u_max_sph=24.21	ftotal_max_sph=159058.38

133000	 rho_max_dem=5700.00	u_max_dem= 0.27	ftotal_max_dem= 0.00

134000	 rho_max_sph= 1.78	u_max_sph=24.21	ftotal_max_sph=159056.49

134000	 rho_max_dem=5700.00	u_max_dem= 0.27	ftotal_max_dem= 0.00

135000	 rho_max_sph= 1.78	u_max_sph=24.21	ftotal_max_sph=159063.21

135000	 rho_max_dem=5700.00	u_max_dem= 0.27	ftotal_max_dem= 0.00

136000	 rho_max_sph= 1.78	u_max_sph=24.21	ftotal_max_sph=159063.63

136000	 rho_max_dem=5700.00	u_max_dem= 0.27	ftotal_max_dem= 0.00

137000	 rho_max_sph= 1.78	u_max_sph=24.21	ftotal_max_sph=159065.08

137000	 rho_max_dem=5700.00	u_max_dem= 0.28	ftotal_max_dem= 0.00

138000	 rho_max_sph= 1.78	u_max_sph=24.21	ftotal_max_sph=159064.97

138000	 rho_max_dem=5700.00	u_max_dem= 0.28	ftotal_max_dem= 0.00

139000	 rho_max_sph= 1.78	u_max_sph=24.21	ftotal_max_sph=159066.75

139000	 rho_max_dem=5700.00	u_max_dem= 0.28	ftotal_max_dem= 0.00

140000	 rho_max_sph= 1.78	u_max_sph=24.21	ftotal_max_sph=159069.83

140000	 rho_max_dem=5700.00	u_max_dem= 0.29	ftotal_max_dem= 0.00

save plot...........................
test Particle 4580
time = 0.070000


141000	 rho_max_sph= 1.78	u_max_sph=24.21	ftotal_max_sph=159072.78

141000	 rho_max_dem=5700.00	u_max_dem= 0.29	ftotal_max_dem= 0.00

142000	 rho_max_sph= 1.78	u_max_sph=24.21	ftotal_max_sph=159072.91

142000	 rho_max_dem=5700.00	u_max_dem= 0.29	ftotal_max_dem= 0.00

143000	 rho_max_sph= 1.78	u_max_sph=24.21	ftotal_max_sph=159076.35

143000	 rho_max_dem=5700.00	u_max_dem= 0.30	ftotal_max_dem= 0.00

144000	 rho_max_sph= 1.78	u_max_sph=24.21	ftotal_max_sph=159076.85

144000	 rho_max_dem=5700.00	u_max_dem= 0.31	ftotal_max_dem= 0.00

145000	 rho_max_sph= 1.78	u_max_sph=24.21	ftotal_max_sph=159080.95

145000	 rho_max_dem=5700.00	u_max_dem= 0.31	ftotal_max_dem= 0.00

146000	 rho_max_sph= 1.78	u_max_sph=24.21	ftotal_max_sph=159085.93

146000	 rho_max_dem=5700.00	u_max_dem= 0.32	ftotal_max_dem= 0.00

147000	 rho_max_sph= 1.78	u_max_sph=24.21	ftotal_max_sph=159090.06

147000	 rho_max_dem=5700.00	u_max_dem= 0.32	ftotal_max_dem= 0.00

148000	 rho_max_sph= 1.78	u_max_sph=24.21	ftotal_max_sph=159093.10

148000	 rho_max_dem=5700.00	u_max_dem= 0.33	ftotal_max_dem= 0.00

149000	 rho_max_sph= 1.78	u_max_sph=24.21	ftotal_max_sph=159100.53

149000	 rho_max_dem=5700.00	u_max_dem= 0.31	ftotal_max_dem= 0.00

150000	 rho_max_sph= 1.78	u_max_sph=24.21	ftotal_max_sph=159104.62

150000	 rho_max_dem=5700.00	u_max_dem= 0.32	ftotal_max_dem= 0.00

save plot...........................
test Particle 4580
time = 0.075000


151000	 rho_max_sph= 1.78	u_max_sph=24.21	ftotal_max_sph=159109.04

151000	 rho_max_dem=5700.00	u_max_dem= 0.32	ftotal_max_dem= 0.00

152000	 rho_max_sph= 1.78	u_max_sph=24.21	ftotal_max_sph=159117.82

152000	 rho_max_dem=5700.00	u_max_dem= 0.32	ftotal_max_dem= 0.00

153000	 rho_max_sph= 1.78	u_max_sph=24.21	ftotal_max_sph=159123.98

153000	 rho_max_dem=5700.00	u_max_dem= 0.33	ftotal_max_dem= 0.00

154000	 rho_max_sph= 1.78	u_max_sph=24.21	ftotal_max_sph=159123.01

154000	 rho_max_dem=5700.00	u_max_dem= 0.33	ftotal_max_dem= 0.00

155000	 rho_max_sph= 1.78	u_max_sph=24.21	ftotal_max_sph=159129.22

155000	 rho_max_dem=5700.00	u_max_dem= 0.33	ftotal_max_dem= 0.00

156000	 rho_max_sph= 1.78	u_max_sph=24.21	ftotal_max_sph=159140.52

156000	 rho_max_dem=5700.00	u_max_dem= 0.34	ftotal_max_dem= 0.00

157000	 rho_max_sph= 1.78	u_max_sph=24.21	ftotal_max_sph=159151.44

157000	 rho_max_dem=5700.00	u_max_dem= 0.34	ftotal_max_dem= 0.00

158000	 rho_max_sph= 1.78	u_max_sph=24.21	ftotal_max_sph=159153.01

158000	 rho_max_dem=5700.00	u_max_dem= 0.34	ftotal_max_dem= 0.00

159000	 rho_max_sph= 1.78	u_max_sph=24.21	ftotal_max_sph=159167.10

159000	 rho_max_dem=5700.00	u_max_dem= 0.34	ftotal_max_dem= 0.00

160000	 rho_max_sph= 1.78	u_max_sph=24.21	ftotal_max_sph=159174.98

160000	 rho_max_dem=5700.00	u_max_dem= 0.35	ftotal_max_dem= 0.00

save plot...........................
test Particle 4580
time = 0.080000


161000	 rho_max_sph= 1.78	u_max_sph=24.21	ftotal_max_sph=159188.73

161000	 rho_max_dem=5700.00	u_max_dem= 0.35	ftotal_max_dem= 0.00

162000	 rho_max_sph= 1.78	u_max_sph=24.21	ftotal_max_sph=159203.96

162000	 rho_max_dem=5700.00	u_max_dem= 0.35	ftotal_max_dem= 0.00

163000	 rho_max_sph= 1.78	u_max_sph=24.21	ftotal_max_sph=159210.31

163000	 rho_max_dem=5700.00	u_max_dem= 0.35	ftotal_max_dem= 0.00

164000	 rho_max_sph= 1.78	u_max_sph=24.21	ftotal_max_sph=159230.33

164000	 rho_max_dem=5700.00	u_max_dem= 0.37	ftotal_max_dem= 0.00

165000	 rho_max_sph= 1.78	u_max_sph=24.21	ftotal_max_sph=159243.73

165000	 rho_max_dem=5700.00	u_max_dem= 0.37	ftotal_max_dem= 0.00

166000	 rho_max_sph= 1.78	u_max_sph=24.21	ftotal_max_sph=159263.13

166000	 rho_max_dem=5700.00	u_max_dem= 0.38	ftotal_max_dem= 0.00

167000	 rho_max_sph= 1.78	u_max_sph=24.21	ftotal_max_sph=159292.24

167000	 rho_max_dem=5700.00	u_max_dem= 0.37	ftotal_max_dem= 0.00

168000	 rho_max_sph= 1.78	u_max_sph=24.21	ftotal_max_sph=159318.94

168000	 rho_max_dem=5700.00	u_max_dem= 0.38	ftotal_max_dem= 0.00

169000	 rho_max_sph= 1.78	u_max_sph=24.21	ftotal_max_sph=159334.98

169000	 rho_max_dem=5700.00	u_max_dem= 0.38	ftotal_max_dem= 0.00

170000	 rho_max_sph= 1.78	u_max_sph=24.21	ftotal_max_sph=159369.90

170000	 rho_max_dem=5700.00	u_max_dem= 0.38	ftotal_max_dem= 0.00

save plot...........................
test Particle 4580
time = 0.085000


171000	 rho_max_sph= 1.78	u_max_sph=24.21	ftotal_max_sph=159404.82

171000	 rho_max_dem=5700.00	u_max_dem= 0.39	ftotal_max_dem= 0.00

172000	 rho_max_sph= 1.78	u_max_sph=24.21	ftotal_max_sph=159437.34

172000	 rho_max_dem=5700.00	u_max_dem= 0.40	ftotal_max_dem= 0.00

173000	 rho_max_sph= 1.78	u_max_sph=24.21	ftotal_max_sph=159484.66

173000	 rho_max_dem=5700.00	u_max_dem= 0.40	ftotal_max_dem= 0.00

174000	 rho_max_sph= 1.78	u_max_sph=24.21	ftotal_max_sph=159523.40

174000	 rho_max_dem=5700.00	u_max_dem= 0.40	ftotal_max_dem= 0.00

175000	 rho_max_sph= 1.78	u_max_sph=24.21	ftotal_max_sph=159581.35

175000	 rho_max_dem=5700.00	u_max_dem= 0.40	ftotal_max_dem= 0.00

176000	 rho_max_sph= 1.78	u_max_sph=24.21	ftotal_max_sph=159637.26

176000	 rho_max_dem=5700.00	u_max_dem= 0.42	ftotal_max_dem= 0.00

177000	 rho_max_sph= 1.78	u_max_sph=24.21	ftotal_max_sph=159720.04

177000	 rho_max_dem=5700.00	u_max_dem= 0.42	ftotal_max_dem= 0.00

178000	 rho_max_sph= 1.78	u_max_sph=24.21	ftotal_max_sph=159805.77

178000	 rho_max_dem=5700.00	u_max_dem= 0.44	ftotal_max_dem= 0.00

179000	 rho_max_sph= 1.78	u_max_sph=24.21	ftotal_max_sph=159901.33

179000	 rho_max_dem=5700.00	u_max_dem= 0.44	ftotal_max_dem= 0.00

180000	 rho_max_sph= 1.78	u_max_sph=24.21	ftotal_max_sph=160009.12

180000	 rho_max_dem=5700.00	u_max_dem= 0.44	ftotal_max_dem= 0.00

save plot...........................
test Particle 4580
time = 0.090000


181000	 rho_max_sph= 1.78	u_max_sph=24.22	ftotal_max_sph=160137.79

181000	 rho_max_dem=5700.00	u_max_dem= 0.44	ftotal_max_dem= 0.00

182000	 rho_max_sph= 1.78	u_max_sph=24.23	ftotal_max_sph=160279.96

182000	 rho_max_dem=5700.00	u_max_dem= 0.44	ftotal_max_dem= 0.00

183000	 rho_max_sph= 1.78	u_max_sph=24.25	ftotal_max_sph=160469.28

183000	 rho_max_dem=5700.00	u_max_dem= 0.45	ftotal_max_dem= 0.00

184000	 rho_max_sph= 1.78	u_max_sph=24.28	ftotal_max_sph=160687.38

184000	 rho_max_dem=5700.00	u_max_dem= 0.45	ftotal_max_dem= 0.00

185000	 rho_max_sph= 1.78	u_max_sph=24.30	ftotal_max_sph=160915.69

185000	 rho_max_dem=5700.00	u_max_dem= 0.45	ftotal_max_dem= 0.00

186000	 rho_max_sph= 1.78	u_max_sph=24.33	ftotal_max_sph=161152.92

186000	 rho_max_dem=5700.00	u_max_dem= 0.45	ftotal_max_dem= 0.00

187000	 rho_max_sph= 1.78	u_max_sph=24.36	ftotal_max_sph=161393.34

187000	 rho_max_dem=5700.00	u_max_dem= 0.44	ftotal_max_dem= 0.00

188000	 rho_max_sph= 1.78	u_max_sph=24.40	ftotal_max_sph=161700.89

188000	 rho_max_dem=5700.00	u_max_dem= 0.44	ftotal_max_dem= 0.00

189000	 rho_max_sph= 1.78	u_max_sph=24.45	ftotal_max_sph=162120.38

189000	 rho_max_dem=5700.00	u_max_dem= 0.47	ftotal_max_dem= 0.00

190000	 rho_max_sph= 1.78	u_max_sph=24.50	ftotal_max_sph=162688.86

190000	 rho_max_dem=5700.00	u_max_dem= 0.48	ftotal_max_dem= 0.00

save plot...........................
test Particle 4580
time = 0.095000


191000	 rho_max_sph= 1.78	u_max_sph=24.57	ftotal_max_sph=163494.37

191000	 rho_max_dem=5700.00	u_max_dem= 0.48	ftotal_max_dem= 0.00

192000	 rho_max_sph= 1.78	u_max_sph=24.66	ftotal_max_sph=164528.46

192000	 rho_max_dem=5700.00	u_max_dem= 0.48	ftotal_max_dem= 0.00

193000	 rho_max_sph= 1.78	u_max_sph=24.77	ftotal_max_sph=165724.43

193000	 rho_max_dem=5700.00	u_max_dem= 0.44	ftotal_max_dem= 0.00

194000	 rho_max_sph= 1.78	u_max_sph=24.93	ftotal_max_sph=167038.76

194000	 rho_max_dem=5700.00	u_max_dem= 0.46	ftotal_max_dem= 0.00

195000	 rho_max_sph= 1.78	u_max_sph=25.10	ftotal_max_sph=168093.99

195000	 rho_max_dem=5700.00	u_max_dem= 0.46	ftotal_max_dem= 0.00

196000	 rho_max_sph= 1.78	u_max_sph=25.27	ftotal_max_sph=168601.93

196000	 rho_max_dem=5700.00	u_max_dem= 0.45	ftotal_max_dem= 0.00

197000	 rho_max_sph= 1.78	u_max_sph=25.47	ftotal_max_sph=169398.50

197000	 rho_max_dem=5700.00	u_max_dem= 0.46	ftotal_max_dem= 0.00

198000	 rho_max_sph= 1.78	u_max_sph=25.73	ftotal_max_sph=170954.36

198000	 rho_max_dem=5700.00	u_max_dem= 0.45	ftotal_max_dem= 0.00

199000	 rho_max_sph= 1.78	u_max_sph=25.98	ftotal_max_sph=314993.11

199000	 rho_max_dem=5700.00	u_max_dem= 0.44	ftotal_max_dem= 0.00

200000	 rho_max_sph= 1.78	u_max_sph=26.22	ftotal_max_sph=274530.08

200000	 rho_max_dem=5700.00	u_max_dem= 0.43	ftotal_max_dem= 0.00

save plot...........................
test Particle 4580
time = 0.100000


201000	 rho_max_sph= 1.78	u_max_sph=26.42	ftotal_max_sph=207650.94

201000	 rho_max_dem=5700.00	u_max_dem= 0.45	ftotal_max_dem= 0.00

202000	 rho_max_sph= 1.78	u_max_sph=26.53	ftotal_max_sph=276486.50

202000	 rho_max_dem=5700.00	u_max_dem= 0.41	ftotal_max_dem= 0.00

203000	 rho_max_sph= 1.78	u_max_sph=26.64	ftotal_max_sph=287048.61

203000	 rho_max_dem=5700.00	u_max_dem= 0.40	ftotal_max_dem= 0.00

204000	 rho_max_sph= 1.78	u_max_sph=26.72	ftotal_max_sph=258306.06

204000	 rho_max_dem=5700.00	u_max_dem= 0.43	ftotal_max_dem= 0.00

205000	 rho_max_sph= 1.78	u_max_sph=26.73	ftotal_max_sph=288053.84

205000	 rho_max_dem=5700.00	u_max_dem= 0.46	ftotal_max_dem= 0.00

206000	 rho_max_sph= 1.78	u_max_sph=26.60	ftotal_max_sph=286225.35

206000	 rho_max_dem=5700.00	u_max_dem= 0.50	ftotal_max_dem= 0.00

207000	 rho_max_sph= 1.78	u_max_sph=26.36	ftotal_max_sph=241141.57

207000	 rho_max_dem=5700.00	u_max_dem= 0.41	ftotal_max_dem= 0.00

208000	 rho_max_sph= 1.78	u_max_sph=25.94	ftotal_max_sph=231872.18

208000	 rho_max_dem=5700.00	u_max_dem= 0.42	ftotal_max_dem= 0.00

209000	 rho_max_sph= 1.78	u_max_sph=25.48	ftotal_max_sph=261397.97

209000	 rho_max_dem=5700.00	u_max_dem= 0.44	ftotal_max_dem= 0.00

210000	 rho_max_sph= 1.78	u_max_sph=24.98	ftotal_max_sph=284283.67

210000	 rho_max_dem=5700.00	u_max_dem= 0.44	ftotal_max_dem= 0.00

save plot...........................
test Particle 4580
time = 0.105000


211000	 rho_max_sph= 1.78	u_max_sph=24.78	ftotal_max_sph=297367.12

211000	 rho_max_dem=5700.00	u_max_dem= 0.48	ftotal_max_dem= 0.00

212000	 rho_max_sph= 1.78	u_max_sph=24.68	ftotal_max_sph=302747.13

212000	 rho_max_dem=5700.00	u_max_dem= 0.52	ftotal_max_dem= 0.00

213000	 rho_max_sph= 1.78	u_max_sph=24.60	ftotal_max_sph=304242.85

213000	 rho_max_dem=5700.00	u_max_dem= 0.47	ftotal_max_dem= 0.00

214000	 rho_max_sph= 1.78	u_max_sph=24.54	ftotal_max_sph=288440.90

214000	 rho_max_dem=5700.00	u_max_dem= 0.52	ftotal_max_dem= 0.00

215000	 rho_max_sph= 1.78	u_max_sph=24.48	ftotal_max_sph=260857.51

215000	 rho_max_dem=5700.00	u_max_dem= 0.56	ftotal_max_dem= 0.00

216000	 rho_max_sph= 1.78	u_max_sph=24.43	ftotal_max_sph=235766.30

216000	 rho_max_dem=5700.00	u_max_dem= 0.48	ftotal_max_dem= 0.00

217000	 rho_max_sph= 1.78	u_max_sph=24.37	ftotal_max_sph=227001.15

217000	 rho_max_dem=5700.00	u_max_dem= 0.47	ftotal_max_dem= 0.00

218000	 rho_max_sph= 1.78	u_max_sph=24.32	ftotal_max_sph=229400.75

218000	 rho_max_dem=5700.00	u_max_dem= 0.46	ftotal_max_dem= 0.00

219000	 rho_max_sph= 1.78	u_max_sph=24.28	ftotal_max_sph=229542.75

219000	 rho_max_dem=5700.00	u_max_dem= 0.49	ftotal_max_dem= 0.00

220000	 rho_max_sph= 1.78	u_max_sph=24.25	ftotal_max_sph=204571.16

220000	 rho_max_dem=5700.00	u_max_dem= 0.43	ftotal_max_dem= 0.00

save plot...........................
test Particle 4580
time = 0.110000


221000	 rho_max_sph= 1.78	u_max_sph=24.23	ftotal_max_sph=206308.35

221000	 rho_max_dem=5700.00	u_max_dem= 0.46	ftotal_max_dem= 0.00

222000	 rho_max_sph= 1.78	u_max_sph=24.22	ftotal_max_sph=190416.43

222000	 rho_max_dem=5700.00	u_max_dem= 0.49	ftotal_max_dem= 0.00

223000	 rho_max_sph= 1.78	u_max_sph=24.21	ftotal_max_sph=180087.53

223000	 rho_max_dem=5700.00	u_max_dem= 0.52	ftotal_max_dem= 0.00

224000	 rho_max_sph= 1.78	u_max_sph=24.21	ftotal_max_sph=181667.71

224000	 rho_max_dem=5700.00	u_max_dem= 0.51	ftotal_max_dem= 0.00

225000	 rho_max_sph= 1.78	u_max_sph=24.21	ftotal_max_sph=157411.20

225000	 rho_max_dem=5700.00	u_max_dem= 0.43	ftotal_max_dem= 0.00

226000	 rho_max_sph= 1.78	u_max_sph=24.21	ftotal_max_sph=157718.86

226000	 rho_max_dem=5700.00	u_max_dem= 0.41	ftotal_max_dem= 0.00

227000	 rho_max_sph= 1.78	u_max_sph=24.21	ftotal_max_sph=158050.52

227000	 rho_max_dem=5700.00	u_max_dem= 0.40	ftotal_max_dem= 0.00

228000	 rho_max_sph= 1.78	u_max_sph=24.21	ftotal_max_sph=158334.60

228000	 rho_max_dem=5700.00	u_max_dem= 0.41	ftotal_max_dem= 0.00

229000	 rho_max_sph= 1.78	u_max_sph=24.21	ftotal_max_sph=158593.68

229000	 rho_max_dem=5700.00	u_max_dem= 0.42	ftotal_max_dem= 0.00

230000	 rho_max_sph= 1.78	u_max_sph=24.21	ftotal_max_sph=158804.86

230000	 rho_max_dem=5700.00	u_max_dem= 0.34	ftotal_max_dem= 0.00

save plot...........................
test Particle 4580
time = 0.115000


231000	 rho_max_sph= 1.78	u_max_sph=24.21	ftotal_max_sph=158971.86

231000	 rho_max_dem=5700.00	u_max_dem= 0.35	ftotal_max_dem= 0.00

232000	 rho_max_sph= 1.78	u_max_sph=24.21	ftotal_max_sph=159075.28

232000	 rho_max_dem=5700.00	u_max_dem= 0.36	ftotal_max_dem= 0.00

233000	 rho_max_sph= 1.78	u_max_sph=24.21	ftotal_max_sph=159137.88

233000	 rho_max_dem=5700.00	u_max_dem= 0.36	ftotal_max_dem= 0.00

234000	 rho_max_sph= 1.78	u_max_sph=24.21	ftotal_max_sph=159173.24

234000	 rho_max_dem=5700.00	u_max_dem= 0.37	ftotal_max_dem= 0.00

235000	 rho_max_sph= 1.78	u_max_sph=24.21	ftotal_max_sph=159192.79

235000	 rho_max_dem=5700.00	u_max_dem= 0.37	ftotal_max_dem= 0.00

236000	 rho_max_sph= 1.78	u_max_sph=24.21	ftotal_max_sph=159213.56

236000	 rho_max_dem=5700.00	u_max_dem= 0.38	ftotal_max_dem= 0.00

237000	 rho_max_sph= 1.78	u_max_sph=24.21	ftotal_max_sph=159231.15

237000	 rho_max_dem=5700.00	u_max_dem= 0.38	ftotal_max_dem= 0.00

238000	 rho_max_sph= 1.78	u_max_sph=24.21	ftotal_max_sph=159230.30

238000	 rho_max_dem=5700.00	u_max_dem= 0.37	ftotal_max_dem= 0.00

239000	 rho_max_sph= 1.78	u_max_sph=24.21	ftotal_max_sph=159224.80

239000	 rho_max_dem=5700.00	u_max_dem= 0.38	ftotal_max_dem= 0.00

240000	 rho_max_sph= 1.78	u_max_sph=24.21	ftotal_max_sph=159235.49

240000	 rho_max_dem=5700.00	u_max_dem= 0.38	ftotal_max_dem= 0.00

save plot...........................
test Particle 4580
time = 0.120000


241000	 rho_max_sph= 1.78	u_max_sph=24.21	ftotal_max_sph=159254.09

241000	 rho_max_dem=5700.00	u_max_dem= 0.38	ftotal_max_dem= 0.00

242000	 rho_max_sph= 1.78	u_max_sph=24.21	ftotal_max_sph=159270.50

242000	 rho_max_dem=5700.00	u_max_dem= 0.38	ftotal_max_dem= 0.00

243000	 rho_max_sph= 1.78	u_max_sph=24.21	ftotal_max_sph=159281.53

243000	 rho_max_dem=5700.00	u_max_dem= 0.39	ftotal_max_dem= 0.00

244000	 rho_max_sph= 1.78	u_max_sph=24.21	ftotal_max_sph=159291.11

244000	 rho_max_dem=5700.00	u_max_dem= 0.39	ftotal_max_dem= 0.00

245000	 rho_max_sph= 1.78	u_max_sph=24.21	ftotal_max_sph=159287.19

245000	 rho_max_dem=5700.00	u_max_dem= 0.39	ftotal_max_dem= 0.00

246000	 rho_max_sph= 1.78	u_max_sph=24.21	ftotal_max_sph=159282.55

246000	 rho_max_dem=5700.00	u_max_dem= 0.39	ftotal_max_dem= 0.00

247000	 rho_max_sph= 1.78	u_max_sph=24.21	ftotal_max_sph=159267.81

247000	 rho_max_dem=5700.00	u_max_dem= 0.38	ftotal_max_dem= 0.00

248000	 rho_max_sph= 1.78	u_max_sph=24.21	ftotal_max_sph=159246.48

248000	 rho_max_dem=5700.00	u_max_dem= 0.38	ftotal_max_dem= 0.00

249000	 rho_max_sph= 1.78	u_max_sph=24.21	ftotal_max_sph=159230.21

249000	 rho_max_dem=5700.00	u_max_dem= 0.38	ftotal_max_dem= 0.00

250000	 rho_max_sph= 1.78	u_max_sph=24.21	ftotal_max_sph=159216.89

250000	 rho_max_dem=5700.00	u_max_dem= 0.38	ftotal_max_dem= 0.00

save plot...........................
test Particle 4580
time = 0.125000


251000	 rho_max_sph= 1.78	u_max_sph=24.21	ftotal_max_sph=159203.64

251000	 rho_max_dem=5700.00	u_max_dem= 0.38	ftotal_max_dem= 0.00

252000	 rho_max_sph= 1.78	u_max_sph=24.21	ftotal_max_sph=159196.27

252000	 rho_max_dem=5700.00	u_max_dem= 0.36	ftotal_max_dem= 0.00

253000	 rho_max_sph= 1.78	u_max_sph=24.21	ftotal_max_sph=159184.37

253000	 rho_max_dem=5700.00	u_max_dem= 0.36	ftotal_max_dem= 0.00

254000	 rho_max_sph= 1.78	u_max_sph=24.21	ftotal_max_sph=159181.05

254000	 rho_max_dem=5700.00	u_max_dem= 0.36	ftotal_max_dem= 0.00

255000	 rho_max_sph= 1.78	u_max_sph=24.21	ftotal_max_sph=159169.75

255000	 rho_max_dem=5700.00	u_max_dem= 0.36	ftotal_max_dem= 0.00

256000	 rho_max_sph= 1.78	u_max_sph=24.21	ftotal_max_sph=159164.73

256000	 rho_max_dem=5700.00	u_max_dem= 0.36	ftotal_max_dem= 0.00

257000	 rho_max_sph= 1.78	u_max_sph=24.21	ftotal_max_sph=159156.10

257000	 rho_max_dem=5700.00	u_max_dem= 0.36	ftotal_max_dem= 0.00

258000	 rho_max_sph= 1.78	u_max_sph=24.21	ftotal_max_sph=159144.14

258000	 rho_max_dem=5700.00	u_max_dem= 0.28	ftotal_max_dem= 0.00

259000	 rho_max_sph= 1.78	u_max_sph=24.21	ftotal_max_sph=159136.33

259000	 rho_max_dem=5700.00	u_max_dem= 0.28	ftotal_max_dem= 0.00

260000	 rho_max_sph= 1.78	u_max_sph=24.21	ftotal_max_sph=159129.32

260000	 rho_max_dem=5700.00	u_max_dem= 0.28	ftotal_max_dem= 0.00

save plot...........................
test Particle 4580
time = 0.130000


261000	 rho_max_sph= 1.78	u_max_sph=24.21	ftotal_max_sph=159122.04

261000	 rho_max_dem=5700.00	u_max_dem= 0.28	ftotal_max_dem= 0.00

262000	 rho_max_sph= 1.78	u_max_sph=24.21	ftotal_max_sph=159114.62

262000	 rho_max_dem=5700.00	u_max_dem= 0.28	ftotal_max_dem= 0.00

263000	 rho_max_sph= 1.78	u_max_sph=24.21	ftotal_max_sph=159109.33

263000	 rho_max_dem=5700.00	u_max_dem= 0.27	ftotal_max_dem= 0.00

264000	 rho_max_sph= 1.78	u_max_sph=24.21	ftotal_max_sph=159105.27

264000	 rho_max_dem=5700.00	u_max_dem= 0.27	ftotal_max_dem= 0.00

265000	 rho_max_sph= 1.78	u_max_sph=24.21	ftotal_max_sph=159096.63

265000	 rho_max_dem=5700.00	u_max_dem= 0.27	ftotal_max_dem= 0.00

266000	 rho_max_sph= 1.78	u_max_sph=24.21	ftotal_max_sph=159091.28

266000	 rho_max_dem=5700.00	u_max_dem= 0.27	ftotal_max_dem= 0.00

267000	 rho_max_sph= 1.78	u_max_sph=24.21	ftotal_max_sph=159088.00

267000	 rho_max_dem=5700.00	u_max_dem= 0.27	ftotal_max_dem= 0.00

268000	 rho_max_sph= 1.78	u_max_sph=24.21	ftotal_max_sph=159083.26

268000	 rho_max_dem=5700.00	u_max_dem= 0.27	ftotal_max_dem= 0.00

269000	 rho_max_sph= 1.78	u_max_sph=24.21	ftotal_max_sph=159078.98

269000	 rho_max_dem=5700.00	u_max_dem= 0.27	ftotal_max_dem= 0.00

270000	 rho_max_sph= 1.78	u_max_sph=24.21	ftotal_max_sph=159075.19

270000	 rho_max_dem=5700.00	u_max_dem= 0.27	ftotal_max_dem= 0.00

save plot...........................
test Particle 4580
time = 0.135000


271000	 rho_max_sph= 1.78	u_max_sph=24.21	ftotal_max_sph=159069.91

271000	 rho_max_dem=5700.00	u_max_dem= 0.27	ftotal_max_dem= 0.00

272000	 rho_max_sph= 1.78	u_max_sph=24.21	ftotal_max_sph=159067.71

272000	 rho_max_dem=5700.00	u_max_dem= 0.27	ftotal_max_dem= 0.00

273000	 rho_max_sph= 1.78	u_max_sph=24.21	ftotal_max_sph=159065.30

273000	 rho_max_dem=5700.00	u_max_dem= 0.26	ftotal_max_dem= 0.00

274000	 rho_max_sph= 1.78	u_max_sph=24.21	ftotal_max_sph=159062.65

274000	 rho_max_dem=5700.00	u_max_dem= 0.26	ftotal_max_dem= 0.00

275000	 rho_max_sph= 1.78	u_max_sph=24.21	ftotal_max_sph=159060.52

275000	 rho_max_dem=5700.00	u_max_dem= 0.26	ftotal_max_dem= 0.00

276000	 rho_max_sph= 1.78	u_max_sph=24.21	ftotal_max_sph=159055.10

276000	 rho_max_dem=5700.00	u_max_dem= 0.26	ftotal_max_dem= 0.00

277000	 rho_max_sph= 1.78	u_max_sph=24.21	ftotal_max_sph=159052.53

277000	 rho_max_dem=5700.00	u_max_dem= 0.26	ftotal_max_dem= 0.00

278000	 rho_max_sph= 1.78	u_max_sph=24.21	ftotal_max_sph=159050.57

278000	 rho_max_dem=5700.00	u_max_dem= 0.26	ftotal_max_dem= 0.00

279000	 rho_max_sph= 1.78	u_max_sph=24.21	ftotal_max_sph=159048.54

279000	 rho_max_dem=5700.00	u_max_dem= 0.26	ftotal_max_dem= 0.00

280000	 rho_max_sph= 1.78	u_max_sph=24.21	ftotal_max_sph=159045.71

280000	 rho_max_dem=5700.00	u_max_dem= 0.26	ftotal_max_dem= 0.00

save plot...........................
test Particle 4580
time = 0.140000


281000	 rho_max_sph= 1.78	u_max_sph=24.21	ftotal_max_sph=159044.51

281000	 rho_max_dem=5700.00	u_max_dem= 0.26	ftotal_max_dem= 0.00

282000	 rho_max_sph= 1.78	u_max_sph=24.21	ftotal_max_sph=159041.51

282000	 rho_max_dem=5700.00	u_max_dem= 0.26	ftotal_max_dem= 0.00

283000	 rho_max_sph= 1.78	u_max_sph=24.21	ftotal_max_sph=159038.88

283000	 rho_max_dem=5700.00	u_max_dem= 0.26	ftotal_max_dem= 0.00

284000	 rho_max_sph= 1.78	u_max_sph=24.21	ftotal_max_sph=159034.54

284000	 rho_max_dem=5700.00	u_max_dem= 0.26	ftotal_max_dem= 0.00

285000	 rho_max_sph= 1.78	u_max_sph=24.21	ftotal_max_sph=159033.06

285000	 rho_max_dem=5700.00	u_max_dem= 0.26	ftotal_max_dem= 0.00

286000	 rho_max_sph= 1.78	u_max_sph=24.21	ftotal_max_sph=159034.18

286000	 rho_max_dem=5700.00	u_max_dem= 0.24	ftotal_max_dem= 0.00

287000	 rho_max_sph= 1.78	u_max_sph=24.21	ftotal_max_sph=159032.10

287000	 rho_max_dem=5700.00	u_max_dem= 0.23	ftotal_max_dem= 0.00

288000	 rho_max_sph= 1.78	u_max_sph=24.21	ftotal_max_sph=159032.96

288000	 rho_max_dem=5700.00	u_max_dem= 0.23	ftotal_max_dem= 0.00

289000	 rho_max_sph= 1.78	u_max_sph=24.21	ftotal_max_sph=159032.21

289000	 rho_max_dem=5700.00	u_max_dem= 0.23	ftotal_max_dem= 0.00

290000	 rho_max_sph= 1.78	u_max_sph=24.21	ftotal_max_sph=159032.55

290000	 rho_max_dem=5700.00	u_max_dem= 0.23	ftotal_max_dem= 0.00

save plot...........................
test Particle 4580
time = 0.145000


291000	 rho_max_sph= 1.78	u_max_sph=24.21	ftotal_max_sph=159033.70

291000	 rho_max_dem=5700.00	u_max_dem= 0.23	ftotal_max_dem= 0.00

292000	 rho_max_sph= 1.78	u_max_sph=24.21	ftotal_max_sph=159034.10

292000	 rho_max_dem=5700.00	u_max_dem= 0.23	ftotal_max_dem= 0.00

293000	 rho_max_sph= 1.78	u_max_sph=24.21	ftotal_max_sph=159033.04

293000	 rho_max_dem=5700.00	u_max_dem= 0.23	ftotal_max_dem= 0.00

294000	 rho_max_sph= 1.78	u_max_sph=24.21	ftotal_max_sph=159032.66

294000	 rho_max_dem=5700.00	u_max_dem= 0.23	ftotal_max_dem= 0.00

295000	 rho_max_sph= 1.78	u_max_sph=24.21	ftotal_max_sph=159034.16

295000	 rho_max_dem=5700.00	u_max_dem= 0.23	ftotal_max_dem= 0.00

296000	 rho_max_sph= 1.78	u_max_sph=24.21	ftotal_max_sph=159033.84

296000	 rho_max_dem=5700.00	u_max_dem= 0.23	ftotal_max_dem= 0.00

297000	 rho_max_sph= 1.78	u_max_sph=24.21	ftotal_max_sph=159035.49

297000	 rho_max_dem=5700.00	u_max_dem= 0.23	ftotal_max_dem= 0.00

298000	 rho_max_sph= 1.78	u_max_sph=24.21	ftotal_max_sph=159035.48

298000	 rho_max_dem=5700.00	u_max_dem= 0.23	ftotal_max_dem= 0.00

299000	 rho_max_sph= 1.78	u_max_sph=24.21	ftotal_max_sph=159034.93

299000	 rho_max_dem=5700.00	u_max_dem= 0.23	ftotal_max_dem= 0.00

300000	 rho_max_sph= 1.78	u_max_sph=24.21	ftotal_max_sph=159034.61

300000	 rho_max_dem=5700.00	u_max_dem= 0.23	ftotal_max_dem= 0.00

save plot...........................
test Particle 4580
time = 0.150000


301000	 rho_max_sph= 1.78	u_max_sph=24.21	ftotal_max_sph=159034.64

301000	 rho_max_dem=5700.00	u_max_dem= 0.23	ftotal_max_dem= 0.00

302000	 rho_max_sph= 1.78	u_max_sph=24.21	ftotal_max_sph=159035.26

302000	 rho_max_dem=5700.00	u_max_dem= 0.22	ftotal_max_dem= 0.00

303000	 rho_max_sph= 1.78	u_max_sph=24.21	ftotal_max_sph=159034.58

303000	 rho_max_dem=5700.00	u_max_dem= 0.22	ftotal_max_dem= 0.00

304000	 rho_max_sph= 1.78	u_max_sph=24.21	ftotal_max_sph=159033.39

304000	 rho_max_dem=5700.00	u_max_dem= 0.22	ftotal_max_dem= 0.00

305000	 rho_max_sph= 1.78	u_max_sph=24.21	ftotal_max_sph=159035.76

305000	 rho_max_dem=5700.00	u_max_dem= 0.19	ftotal_max_dem= 0.00

306000	 rho_max_sph= 1.78	u_max_sph=24.21	ftotal_max_sph=159034.17

306000	 rho_max_dem=5700.00	u_max_dem= 0.19	ftotal_max_dem= 0.00

307000	 rho_max_sph= 1.78	u_max_sph=24.21	ftotal_max_sph=159031.89

307000	 rho_max_dem=5700.00	u_max_dem= 0.18	ftotal_max_dem= 0.00

308000	 rho_max_sph= 1.78	u_max_sph=24.21	ftotal_max_sph=159035.73

308000	 rho_max_dem=5700.00	u_max_dem= 0.18	ftotal_max_dem= 0.00

309000	 rho_max_sph= 1.78	u_max_sph=24.21	ftotal_max_sph=159035.20

309000	 rho_max_dem=5700.00	u_max_dem= 0.18	ftotal_max_dem= 0.00

310000	 rho_max_sph= 1.78	u_max_sph=24.21	ftotal_max_sph=159033.28

310000	 rho_max_dem=5700.00	u_max_dem= 0.18	ftotal_max_dem= 0.00

save plot...........................
test Particle 4580
time = 0.155000


311000	 rho_max_sph= 1.78	u_max_sph=24.21	ftotal_max_sph=159035.45

311000	 rho_max_dem=5700.00	u_max_dem= 0.18	ftotal_max_dem= 0.00

312000	 rho_max_sph= 1.78	u_max_sph=24.21	ftotal_max_sph=159035.68

312000	 rho_max_dem=5700.00	u_max_dem= 0.17	ftotal_max_dem= 0.00

313000	 rho_max_sph= 1.78	u_max_sph=24.21	ftotal_max_sph=159034.45

313000	 rho_max_dem=5700.00	u_max_dem= 0.17	ftotal_max_dem= 0.00

314000	 rho_max_sph= 1.78	u_max_sph=24.21	ftotal_max_sph=159035.31

314000	 rho_max_dem=5700.00	u_max_dem= 0.17	ftotal_max_dem= 0.00

315000	 rho_max_sph= 1.78	u_max_sph=24.21	ftotal_max_sph=159036.80

315000	 rho_max_dem=5700.00	u_max_dem= 0.17	ftotal_max_dem= 0.00

316000	 rho_max_sph= 1.78	u_max_sph=24.21	ftotal_max_sph=159034.93

316000	 rho_max_dem=5700.00	u_max_dem= 0.17	ftotal_max_dem= 0.00

317000	 rho_max_sph= 1.78	u_max_sph=24.21	ftotal_max_sph=159039.23

317000	 rho_max_dem=5700.00	u_max_dem= 0.17	ftotal_max_dem= 0.00

318000	 rho_max_sph= 1.78	u_max_sph=24.21	ftotal_max_sph=159038.37

318000	 rho_max_dem=5700.00	u_max_dem= 0.17	ftotal_max_dem= 0.00

319000	 rho_max_sph= 1.78	u_max_sph=24.21	ftotal_max_sph=159038.40

319000	 rho_max_dem=5700.00	u_max_dem= 0.16	ftotal_max_dem= 0.00

320000	 rho_max_sph= 1.78	u_max_sph=24.21	ftotal_max_sph=159041.64

320000	 rho_max_dem=5700.00	u_max_dem= 0.16	ftotal_max_dem= 0.00

save plot...........................
test Particle 4580
time = 0.160000


321000	 rho_max_sph= 1.78	u_max_sph=24.21	ftotal_max_sph=159038.57

321000	 rho_max_dem=5700.00	u_max_dem= 0.16	ftotal_max_dem= 0.00

322000	 rho_max_sph= 1.78	u_max_sph=24.21	ftotal_max_sph=159038.64

322000	 rho_max_dem=5700.00	u_max_dem= 0.16	ftotal_max_dem= 0.00

323000	 rho_max_sph= 1.78	u_max_sph=24.21	ftotal_max_sph=159039.19

323000	 rho_max_dem=5700.00	u_max_dem= 0.16	ftotal_max_dem= 0.00

324000	 rho_max_sph= 1.78	u_max_sph=24.21	ftotal_max_sph=159040.61

324000	 rho_max_dem=5700.00	u_max_dem= 0.16	ftotal_max_dem= 0.00

325000	 rho_max_sph= 1.78	u_max_sph=24.21	ftotal_max_sph=159041.89

325000	 rho_max_dem=5700.00	u_max_dem= 0.16	ftotal_max_dem= 0.00

326000	 rho_max_sph= 1.78	u_max_sph=24.21	ftotal_max_sph=159045.47

326000	 rho_max_dem=5700.00	u_max_dem= 0.16	ftotal_max_dem= 0.00

327000	 rho_max_sph= 1.78	u_max_sph=24.21	ftotal_max_sph=159043.09

327000	 rho_max_dem=5700.00	u_max_dem= 0.15	ftotal_max_dem= 0.00

328000	 rho_max_sph= 1.78	u_max_sph=24.21	ftotal_max_sph=159043.84

328000	 rho_max_dem=5700.00	u_max_dem= 0.16	ftotal_max_dem= 0.00

329000	 rho_max_sph= 1.78	u_max_sph=24.21	ftotal_max_sph=159045.86

329000	 rho_max_dem=5700.00	u_max_dem= 0.16	ftotal_max_dem= 0.00

330000	 rho_max_sph= 1.78	u_max_sph=24.21	ftotal_max_sph=159046.17

330000	 rho_max_dem=5700.00	u_max_dem= 0.16	ftotal_max_dem= 0.00

save plot...........................
test Particle 4580
time = 0.165000


331000	 rho_max_sph= 1.78	u_max_sph=24.21	ftotal_max_sph=159046.94

331000	 rho_max_dem=5700.00	u_max_dem= 0.20	ftotal_max_dem= 0.00

332000	 rho_max_sph= 1.78	u_max_sph=24.21	ftotal_max_sph=159050.84

332000	 rho_max_dem=5700.00	u_max_dem= 0.20	ftotal_max_dem= 0.00

333000	 rho_max_sph= 1.78	u_max_sph=24.21	ftotal_max_sph=159051.28

333000	 rho_max_dem=5700.00	u_max_dem= 0.18	ftotal_max_dem= 0.00

334000	 rho_max_sph= 1.78	u_max_sph=24.21	ftotal_max_sph=159052.00

334000	 rho_max_dem=5700.00	u_max_dem= 0.18	ftotal_max_dem= 0.00

335000	 rho_max_sph= 1.78	u_max_sph=24.21	ftotal_max_sph=159056.34

335000	 rho_max_dem=5700.00	u_max_dem= 0.19	ftotal_max_dem= 0.00

336000	 rho_max_sph= 1.78	u_max_sph=24.21	ftotal_max_sph=159060.13

336000	 rho_max_dem=5700.00	u_max_dem= 0.19	ftotal_max_dem= 0.00

337000	 rho_max_sph= 1.78	u_max_sph=24.21	ftotal_max_sph=159063.06

337000	 rho_max_dem=5700.00	u_max_dem= 0.19	ftotal_max_dem= 0.00

338000	 rho_max_sph= 1.78	u_max_sph=24.21	ftotal_max_sph=159067.18

338000	 rho_max_dem=5700.00	u_max_dem= 0.19	ftotal_max_dem= 0.00

339000	 rho_max_sph= 1.78	u_max_sph=24.21	ftotal_max_sph=159065.90

339000	 rho_max_dem=5700.00	u_max_dem= 0.19	ftotal_max_dem= 0.00

340000	 rho_max_sph= 1.78	u_max_sph=24.21	ftotal_max_sph=159069.38

340000	 rho_max_dem=5700.00	u_max_dem= 0.20	ftotal_max_dem= 0.00

save plot...........................
test Particle 4580
time = 0.170000


341000	 rho_max_sph= 1.78	u_max_sph=24.21	ftotal_max_sph=159073.97

341000	 rho_max_dem=5700.00	u_max_dem= 0.20	ftotal_max_dem= 0.00

342000	 rho_max_sph= 1.78	u_max_sph=24.21	ftotal_max_sph=159075.20

342000	 rho_max_dem=5700.00	u_max_dem= 0.20	ftotal_max_dem= 0.00

343000	 rho_max_sph= 1.78	u_max_sph=24.21	ftotal_max_sph=159077.18

343000	 rho_max_dem=5700.00	u_max_dem= 0.21	ftotal_max_dem= 0.00

344000	 rho_max_sph= 1.78	u_max_sph=24.21	ftotal_max_sph=159083.49

344000	 rho_max_dem=5700.00	u_max_dem= 0.21	ftotal_max_dem= 0.00

345000	 rho_max_sph= 1.78	u_max_sph=24.21	ftotal_max_sph=159080.00

345000	 rho_max_dem=5700.00	u_max_dem= 0.22	ftotal_max_dem= 0.00

346000	 rho_max_sph= 1.78	u_max_sph=24.21	ftotal_max_sph=159091.58

346000	 rho_max_dem=5700.00	u_max_dem= 0.22	ftotal_max_dem= 0.00

347000	 rho_max_sph= 1.78	u_max_sph=24.21	ftotal_max_sph=159093.18

347000	 rho_max_dem=5700.00	u_max_dem= 0.22	ftotal_max_dem= 0.00

348000	 rho_max_sph= 1.78	u_max_sph=24.21	ftotal_max_sph=159097.83

348000	 rho_max_dem=5700.00	u_max_dem= 0.22	ftotal_max_dem= 0.00

349000	 rho_max_sph= 1.78	u_max_sph=24.21	ftotal_max_sph=159101.77

349000	 rho_max_dem=5700.00	u_max_dem= 0.23	ftotal_max_dem= 0.00

350000	 rho_max_sph= 1.78	u_max_sph=24.21	ftotal_max_sph=159105.97

350000	 rho_max_dem=5700.00	u_max_dem= 0.23	ftotal_max_dem= 0.00

save plot...........................
test Particle 4580
time = 0.175000


351000	 rho_max_sph= 1.78	u_max_sph=24.21	ftotal_max_sph=159111.14

351000	 rho_max_dem=5700.00	u_max_dem= 0.23	ftotal_max_dem= 0.00

352000	 rho_max_sph= 1.78	u_max_sph=24.21	ftotal_max_sph=159118.80

352000	 rho_max_dem=5700.00	u_max_dem= 0.23	ftotal_max_dem= 0.00

353000	 rho_max_sph= 1.78	u_max_sph=24.21	ftotal_max_sph=159126.86

353000	 rho_max_dem=5700.00	u_max_dem= 0.24	ftotal_max_dem= 0.00

354000	 rho_max_sph= 1.78	u_max_sph=24.21	ftotal_max_sph=159133.22

354000	 rho_max_dem=5700.00	u_max_dem= 0.23	ftotal_max_dem= 0.00

355000	 rho_max_sph= 1.78	u_max_sph=24.21	ftotal_max_sph=159144.74

355000	 rho_max_dem=5700.00	u_max_dem= 0.23	ftotal_max_dem= 0.00

356000	 rho_max_sph= 1.78	u_max_sph=24.21	ftotal_max_sph=159149.17

356000	 rho_max_dem=5700.00	u_max_dem= 0.24	ftotal_max_dem= 0.00

357000	 rho_max_sph= 1.78	u_max_sph=24.21	ftotal_max_sph=159153.83

357000	 rho_max_dem=5700.00	u_max_dem= 0.24	ftotal_max_dem= 0.00

358000	 rho_max_sph= 1.78	u_max_sph=24.21	ftotal_max_sph=159164.72

358000	 rho_max_dem=5700.00	u_max_dem= 0.24	ftotal_max_dem= 0.00

359000	 rho_max_sph= 1.78	u_max_sph=24.21	ftotal_max_sph=159174.68

359000	 rho_max_dem=5700.00	u_max_dem= 0.24	ftotal_max_dem= 0.00

360000	 rho_max_sph= 1.78	u_max_sph=24.21	ftotal_max_sph=159182.52

360000	 rho_max_dem=5700.00	u_max_dem= 0.25	ftotal_max_dem= 0.00

save plot...........................
test Particle 4580
time = 0.180000


361000	 rho_max_sph= 1.78	u_max_sph=24.21	ftotal_max_sph=159189.54

361000	 rho_max_dem=5700.00	u_max_dem= 0.25	ftotal_max_dem= 0.00

362000	 rho_max_sph= 1.78	u_max_sph=24.21	ftotal_max_sph=159200.14

362000	 rho_max_dem=5700.00	u_max_dem= 0.26	ftotal_max_dem= 0.00

363000	 rho_max_sph= 1.78	u_max_sph=24.21	ftotal_max_sph=159210.91

363000	 rho_max_dem=5700.00	u_max_dem= 0.26	ftotal_max_dem= 0.00

364000	 rho_max_sph= 1.78	u_max_sph=24.21	ftotal_max_sph=159227.14

364000	 rho_max_dem=5700.00	u_max_dem= 0.27	ftotal_max_dem= 0.00

365000	 rho_max_sph= 1.78	u_max_sph=24.21	ftotal_max_sph=159240.28

365000	 rho_max_dem=5700.00	u_max_dem= 0.27	ftotal_max_dem= 0.00

366000	 rho_max_sph= 1.78	u_max_sph=24.21	ftotal_max_sph=159257.57

366000	 rho_max_dem=5700.00	u_max_dem= 0.27	ftotal_max_dem= 0.00

367000	 rho_max_sph= 1.78	u_max_sph=24.21	ftotal_max_sph=159272.74

367000	 rho_max_dem=5700.00	u_max_dem= 0.27	ftotal_max_dem= 0.00

368000	 rho_max_sph= 1.78	u_max_sph=24.21	ftotal_max_sph=159288.34

368000	 rho_max_dem=5700.00	u_max_dem= 0.30	ftotal_max_dem= 0.00

369000	 rho_max_sph= 1.78	u_max_sph=24.21	ftotal_max_sph=159304.56

369000	 rho_max_dem=5700.00	u_max_dem= 0.30	ftotal_max_dem= 0.00

370000	 rho_max_sph= 1.78	u_max_sph=24.21	ftotal_max_sph=159317.67

370000	 rho_max_dem=5700.00	u_max_dem= 0.30	ftotal_max_dem= 0.00

save plot...........................
test Particle 4580
time = 0.185000


371000	 rho_max_sph= 1.78	u_max_sph=24.21	ftotal_max_sph=159333.76

371000	 rho_max_dem=5700.00	u_max_dem= 0.30	ftotal_max_dem= 0.00

372000	 rho_max_sph= 1.78	u_max_sph=24.21	ftotal_max_sph=159351.88

372000	 rho_max_dem=5700.00	u_max_dem= 0.28	ftotal_max_dem= 0.00

373000	 rho_max_sph= 1.78	u_max_sph=24.21	ftotal_max_sph=159368.44

373000	 rho_max_dem=5700.00	u_max_dem= 0.28	ftotal_max_dem= 0.00

374000	 rho_max_sph= 1.78	u_max_sph=24.21	ftotal_max_sph=159387.34

374000	 rho_max_dem=5700.00	u_max_dem= 0.28	ftotal_max_dem= 0.00

375000	 rho_max_sph= 1.78	u_max_sph=24.21	ftotal_max_sph=159402.45

375000	 rho_max_dem=5700.00	u_max_dem= 0.29	ftotal_max_dem= 0.00

376000	 rho_max_sph= 1.78	u_max_sph=24.21	ftotal_max_sph=159426.04

376000	 rho_max_dem=5700.00	u_max_dem= 0.30	ftotal_max_dem= 0.00

377000	 rho_max_sph= 1.78	u_max_sph=24.21	ftotal_max_sph=159449.46

377000	 rho_max_dem=5700.00	u_max_dem= 0.28	ftotal_max_dem= 0.00

378000	 rho_max_sph= 1.78	u_max_sph=24.21	ftotal_max_sph=159487.71

378000	 rho_max_dem=5700.00	u_max_dem= 0.28	ftotal_max_dem= 0.00

379000	 rho_max_sph= 1.78	u_max_sph=24.21	ftotal_max_sph=159510.89

379000	 rho_max_dem=5700.00	u_max_dem= 0.28	ftotal_max_dem= 0.00

380000	 rho_max_sph= 1.78	u_max_sph=24.21	ftotal_max_sph=159539.81

380000	 rho_max_dem=5700.00	u_max_dem= 0.28	ftotal_max_dem= 0.00

save plot...........................
test Particle 4580
time = 0.190000


381000	 rho_max_sph= 1.78	u_max_sph=24.21	ftotal_max_sph=159571.10

381000	 rho_max_dem=5700.00	u_max_dem= 0.30	ftotal_max_dem= 0.00

382000	 rho_max_sph= 1.78	u_max_sph=24.22	ftotal_max_sph=159597.38

382000	 rho_max_dem=5700.00	u_max_dem= 0.29	ftotal_max_dem= 0.00

383000	 rho_max_sph= 1.78	u_max_sph=24.23	ftotal_max_sph=159620.81

383000	 rho_max_dem=5700.00	u_max_dem= 0.28	ftotal_max_dem= 0.00

384000	 rho_max_sph= 1.78	u_max_sph=24.24	ftotal_max_sph=159632.44

384000	 rho_max_dem=5700.00	u_max_dem= 0.29	ftotal_max_dem= 0.00

385000	 rho_max_sph= 1.78	u_max_sph=24.25	ftotal_max_sph=159631.21

385000	 rho_max_dem=5700.00	u_max_dem= 0.29	ftotal_max_dem= 0.00

386000	 rho_max_sph= 1.78	u_max_sph=24.26	ftotal_max_sph=159632.68

386000	 rho_max_dem=5700.00	u_max_dem= 0.31	ftotal_max_dem= 0.00

387000	 rho_max_sph= 1.78	u_max_sph=24.28	ftotal_max_sph=159629.38

387000	 rho_max_dem=5700.00	u_max_dem= 0.31	ftotal_max_dem= 0.00

388000	 rho_max_sph= 1.78	u_max_sph=24.29	ftotal_max_sph=159617.91

388000	 rho_max_dem=5700.00	u_max_dem= 0.31	ftotal_max_dem= 0.00

389000	 rho_max_sph= 1.78	u_max_sph=24.31	ftotal_max_sph=159597.57

389000	 rho_max_dem=5700.00	u_max_dem= 0.30	ftotal_max_dem= 0.00

390000	 rho_max_sph= 1.78	u_max_sph=24.33	ftotal_max_sph=159581.52

390000	 rho_max_dem=5700.00	u_max_dem= 0.29	ftotal_max_dem= 0.00

save plot...........................
test Particle 4580
time = 0.195000


391000	 rho_max_sph= 1.78	u_max_sph=24.35	ftotal_max_sph=159565.77

391000	 rho_max_dem=5700.00	u_max_dem= 0.29	ftotal_max_dem= 0.00

392000	 rho_max_sph= 1.78	u_max_sph=24.37	ftotal_max_sph=159541.85

392000	 rho_max_dem=5700.00	u_max_dem= 0.29	ftotal_max_dem= 0.00

393000	 rho_max_sph= 1.78	u_max_sph=24.39	ftotal_max_sph=159527.21

393000	 rho_max_dem=5700.00	u_max_dem= 0.28	ftotal_max_dem= 0.00

394000	 rho_max_sph= 1.78	u_max_sph=24.42	ftotal_max_sph=159503.13

394000	 rho_max_dem=5700.00	u_max_dem= 0.29	ftotal_max_dem= 0.00

395000	 rho_max_sph= 1.78	u_max_sph=24.44	ftotal_max_sph=159440.52

395000	 rho_max_dem=5700.00	u_max_dem= 0.27	ftotal_max_dem= 0.00

396000	 rho_max_sph= 1.78	u_max_sph=24.46	ftotal_max_sph=159391.15

396000	 rho_max_dem=5700.00	u_max_dem= 0.26	ftotal_max_dem= 0.00

397000	 rho_max_sph= 1.78	u_max_sph=24.49	ftotal_max_sph=159368.91

397000	 rho_max_dem=5700.00	u_max_dem= 0.30	ftotal_max_dem= 0.00

398000	 rho_max_sph= 1.78	u_max_sph=24.52	ftotal_max_sph=159354.82

398000	 rho_max_dem=5700.00	u_max_dem= 0.30	ftotal_max_dem= 0.00

399000	 rho_max_sph= 1.78	u_max_sph=24.55	ftotal_max_sph=159350.63

399000	 rho_max_dem=5700.00	u_max_dem= 0.27	ftotal_max_dem= 0.00

400000	 rho_max_sph= 1.78	u_max_sph=24.58	ftotal_max_sph=159394.07

400000	 rho_max_dem=5700.00	u_max_dem= 0.26	ftotal_max_dem= 0.00

save plot...........................
test Particle 4580
time = 0.200000


401000	 rho_max_sph= 1.78	u_max_sph=24.61	ftotal_max_sph=159462.40

401000	 rho_max_dem=5700.00	u_max_dem= 0.25	ftotal_max_dem= 0.00

402000	 rho_max_sph= 1.78	u_max_sph=24.63	ftotal_max_sph=159552.46

402000	 rho_max_dem=5700.00	u_max_dem= 0.25	ftotal_max_dem= 0.00

403000	 rho_max_sph= 1.78	u_max_sph=24.66	ftotal_max_sph=159721.77

403000	 rho_max_dem=5700.00	u_max_dem= 0.24	ftotal_max_dem= 0.00

404000	 rho_max_sph= 1.78	u_max_sph=24.69	ftotal_max_sph=159937.28

404000	 rho_max_dem=5700.00	u_max_dem= 0.23	ftotal_max_dem= 0.00

405000	 rho_max_sph= 1.78	u_max_sph=24.72	ftotal_max_sph=160152.11

405000	 rho_max_dem=5700.00	u_max_dem= 0.21	ftotal_max_dem= 0.00

406000	 rho_max_sph= 1.78	u_max_sph=24.74	ftotal_max_sph=160314.06

406000	 rho_max_dem=5700.00	u_max_dem= 0.22	ftotal_max_dem= 0.00

407000	 rho_max_sph= 1.78	u_max_sph=24.74	ftotal_max_sph=160299.76

407000	 rho_max_dem=5700.00	u_max_dem= 0.26	ftotal_max_dem= 0.00

408000	 rho_max_sph= 1.78	u_max_sph=24.74	ftotal_max_sph=160247.65

408000	 rho_max_dem=5700.00	u_max_dem= 0.26	ftotal_max_dem= 0.00

409000	 rho_max_sph= 1.78	u_max_sph=24.74	ftotal_max_sph=160110.10

409000	 rho_max_dem=5700.00	u_max_dem= 0.29	ftotal_max_dem= 0.00

410000	 rho_max_sph= 1.78	u_max_sph=24.73	ftotal_max_sph=159934.95

410000	 rho_max_dem=5700.00	u_max_dem= 0.31	ftotal_max_dem= 0.00

save plot...........................
test Particle 4580
time = 0.205000


411000	 rho_max_sph= 1.78	u_max_sph=24.74	ftotal_max_sph=159907.79

411000	 rho_max_dem=5700.00	u_max_dem= 0.33	ftotal_max_dem= 0.00

412000	 rho_max_sph= 1.78	u_max_sph=24.74	ftotal_max_sph=159897.36

412000	 rho_max_dem=5700.00	u_max_dem= 0.36	ftotal_max_dem= 0.00

413000	 rho_max_sph= 1.78	u_max_sph=24.73	ftotal_max_sph=159889.14

413000	 rho_max_dem=5700.00	u_max_dem= 0.38	ftotal_max_dem= 0.00

414000	 rho_max_sph= 1.78	u_max_sph=24.72	ftotal_max_sph=159790.79

414000	 rho_max_dem=5700.00	u_max_dem= 0.40	ftotal_max_dem= 0.00

415000	 rho_max_sph= 1.78	u_max_sph=24.71	ftotal_max_sph=159643.86

415000	 rho_max_dem=5700.00	u_max_dem= 0.42	ftotal_max_dem= 0.00

416000	 rho_max_sph= 1.78	u_max_sph=24.68	ftotal_max_sph=159456.93

416000	 rho_max_dem=5700.00	u_max_dem= 0.36	ftotal_max_dem= 0.00

417000	 rho_max_sph= 1.78	u_max_sph=24.66	ftotal_max_sph=159290.37

417000	 rho_max_dem=5700.00	u_max_dem= 0.37	ftotal_max_dem= 0.00

418000	 rho_max_sph= 1.78	u_max_sph=24.63	ftotal_max_sph=159145.02

418000	 rho_max_dem=5700.00	u_max_dem= 0.39	ftotal_max_dem= 0.00

419000	 rho_max_sph= 1.78	u_max_sph=24.60	ftotal_max_sph=159008.45

419000	 rho_max_dem=5700.00	u_max_dem= 0.41	ftotal_max_dem= 0.00

420000	 rho_max_sph= 1.78	u_max_sph=24.57	ftotal_max_sph=158828.55

420000	 rho_max_dem=5700.00	u_max_dem= 0.38	ftotal_max_dem= 0.00

save plot...........................
test Particle 4580
time = 0.210000


421000	 rho_max_sph= 1.78	u_max_sph=24.53	ftotal_max_sph=158681.49

421000	 rho_max_dem=5700.00	u_max_dem= 0.36	ftotal_max_dem= 0.00

422000	 rho_max_sph= 1.78	u_max_sph=24.50	ftotal_max_sph=158594.33

422000	 rho_max_dem=5700.00	u_max_dem= 0.36	ftotal_max_dem= 0.00

423000	 rho_max_sph= 1.78	u_max_sph=24.47	ftotal_max_sph=158541.83

423000	 rho_max_dem=5700.00	u_max_dem= 0.34	ftotal_max_dem= 0.00

424000	 rho_max_sph= 1.78	u_max_sph=24.45	ftotal_max_sph=158484.57

424000	 rho_max_dem=5700.00	u_max_dem= 0.36	ftotal_max_dem= 0.00

425000	 rho_max_sph= 1.78	u_max_sph=24.43	ftotal_max_sph=158467.91

425000	 rho_max_dem=5700.00	u_max_dem= 0.38	ftotal_max_dem= 0.00

426000	 rho_max_sph= 1.78	u_max_sph=24.40	ftotal_max_sph=158477.90

426000	 rho_max_dem=5700.00	u_max_dem= 0.39	ftotal_max_dem= 0.00

427000	 rho_max_sph= 1.78	u_max_sph=24.38	ftotal_max_sph=158539.82

427000	 rho_max_dem=5700.00	u_max_dem= 0.37	ftotal_max_dem= 0.00

428000	 rho_max_sph= 1.78	u_max_sph=24.37	ftotal_max_sph=158625.28

428000	 rho_max_dem=5700.00	u_max_dem= 0.36	ftotal_max_dem= 0.00

429000	 rho_max_sph= 1.78	u_max_sph=24.35	ftotal_max_sph=158711.40

429000	 rho_max_dem=5700.00	u_max_dem= 0.36	ftotal_max_dem= 0.00

430000	 rho_max_sph= 1.78	u_max_sph=24.33	ftotal_max_sph=158793.04

430000	 rho_max_dem=5700.00	u_max_dem= 0.37	ftotal_max_dem= 0.00

save plot...........................
test Particle 4580
time = 0.215000


431000	 rho_max_sph= 1.78	u_max_sph=24.32	ftotal_max_sph=158858.84

431000	 rho_max_dem=5700.00	u_max_dem= 0.38	ftotal_max_dem= 0.00

432000	 rho_max_sph= 1.78	u_max_sph=24.30	ftotal_max_sph=158902.92

432000	 rho_max_dem=5700.00	u_max_dem= 0.40	ftotal_max_dem= 0.00

433000	 rho_max_sph= 1.78	u_max_sph=24.28	ftotal_max_sph=158939.05

433000	 rho_max_dem=5700.00	u_max_dem= 0.36	ftotal_max_dem= 0.00

434000	 rho_max_sph= 1.78	u_max_sph=24.27	ftotal_max_sph=158973.32

434000	 rho_max_dem=5700.00	u_max_dem= 0.37	ftotal_max_dem= 0.00

435000	 rho_max_sph= 1.78	u_max_sph=24.25	ftotal_max_sph=159001.59

435000	 rho_max_dem=5700.00	u_max_dem= 0.37	ftotal_max_dem= 0.00

436000	 rho_max_sph= 1.78	u_max_sph=24.24	ftotal_max_sph=159021.58

436000	 rho_max_dem=5700.00	u_max_dem= 0.37	ftotal_max_dem= 0.00

437000	 rho_max_sph= 1.78	u_max_sph=24.23	ftotal_max_sph=159049.77

437000	 rho_max_dem=5700.00	u_max_dem= 0.37	ftotal_max_dem= 0.00

438000	 rho_max_sph= 1.78	u_max_sph=24.22	ftotal_max_sph=159066.29

438000	 rho_max_dem=5700.00	u_max_dem= 0.35	ftotal_max_dem= 0.00

439000	 rho_max_sph= 1.78	u_max_sph=24.21	ftotal_max_sph=159088.98

439000	 rho_max_dem=5700.00	u_max_dem= 0.37	ftotal_max_dem= 0.00

440000	 rho_max_sph= 1.78	u_max_sph=24.21	ftotal_max_sph=159107.06

440000	 rho_max_dem=5700.00	u_max_dem= 0.35	ftotal_max_dem= 0.00

save plot...........................
test Particle 4580
time = 0.220000


441000	 rho_max_sph= 1.78	u_max_sph=24.21	ftotal_max_sph=159114.84

441000	 rho_max_dem=5700.00	u_max_dem= 0.35	ftotal_max_dem= 0.00

442000	 rho_max_sph= 1.78	u_max_sph=24.21	ftotal_max_sph=159121.83

442000	 rho_max_dem=5700.00	u_max_dem= 0.34	ftotal_max_dem= 0.00

443000	 rho_max_sph= 1.78	u_max_sph=24.21	ftotal_max_sph=159128.43

443000	 rho_max_dem=5700.00	u_max_dem= 0.34	ftotal_max_dem= 0.00

444000	 rho_max_sph= 1.78	u_max_sph=24.21	ftotal_max_sph=159131.60

444000	 rho_max_dem=5700.00	u_max_dem= 0.35	ftotal_max_dem= 0.00

445000	 rho_max_sph= 1.78	u_max_sph=24.21	ftotal_max_sph=159134.62

445000	 rho_max_dem=5700.00	u_max_dem= 0.32	ftotal_max_dem= 0.00

446000	 rho_max_sph= 1.78	u_max_sph=24.21	ftotal_max_sph=159135.03

446000	 rho_max_dem=5700.00	u_max_dem= 0.33	ftotal_max_dem= 0.00

447000	 rho_max_sph= 1.78	u_max_sph=24.21	ftotal_max_sph=159129.82

447000	 rho_max_dem=5700.00	u_max_dem= 0.35	ftotal_max_dem= 0.00

448000	 rho_max_sph= 1.78	u_max_sph=24.21	ftotal_max_sph=159125.29

448000	 rho_max_dem=5700.00	u_max_dem= 0.32	ftotal_max_dem= 0.00

449000	 rho_max_sph= 1.78	u_max_sph=24.21	ftotal_max_sph=159119.96

449000	 rho_max_dem=5700.00	u_max_dem= 0.32	ftotal_max_dem= 0.00

450000	 rho_max_sph= 1.78	u_max_sph=24.21	ftotal_max_sph=159108.94

450000	 rho_max_dem=5700.00	u_max_dem= 0.32	ftotal_max_dem= 0.00

save plot...........................
test Particle 4580
time = 0.225000


451000	 rho_max_sph= 1.78	u_max_sph=24.21	ftotal_max_sph=159097.96

451000	 rho_max_dem=5700.00	u_max_dem= 0.33	ftotal_max_dem= 0.00

452000	 rho_max_sph= 1.78	u_max_sph=24.21	ftotal_max_sph=159086.64

452000	 rho_max_dem=5700.00	u_max_dem= 0.34	ftotal_max_dem= 0.00

453000	 rho_max_sph= 1.78	u_max_sph=24.21	ftotal_max_sph=159070.59

453000	 rho_max_dem=5700.00	u_max_dem= 0.35	ftotal_max_dem= 0.00

454000	 rho_max_sph= 1.78	u_max_sph=24.21	ftotal_max_sph=159060.43

454000	 rho_max_dem=5700.00	u_max_dem= 0.35	ftotal_max_dem= 0.00

455000	 rho_max_sph= 1.78	u_max_sph=24.21	ftotal_max_sph=159052.05

455000	 rho_max_dem=5700.00	u_max_dem= 0.34	ftotal_max_dem= 0.00

456000	 rho_max_sph= 1.78	u_max_sph=24.21	ftotal_max_sph=159047.83

456000	 rho_max_dem=5700.00	u_max_dem= 0.34	ftotal_max_dem= 0.00

457000	 rho_max_sph= 1.78	u_max_sph=24.21	ftotal_max_sph=159042.53

457000	 rho_max_dem=5700.00	u_max_dem= 0.32	ftotal_max_dem= 0.00

458000	 rho_max_sph= 1.78	u_max_sph=24.21	ftotal_max_sph=159033.35

458000	 rho_max_dem=5700.00	u_max_dem= 0.32	ftotal_max_dem= 0.00

459000	 rho_max_sph= 1.78	u_max_sph=24.21	ftotal_max_sph=159029.56

459000	 rho_max_dem=5700.00	u_max_dem= 0.32	ftotal_max_dem= 0.00

460000	 rho_max_sph= 1.78	u_max_sph=24.21	ftotal_max_sph=159024.87

460000	 rho_max_dem=5700.00	u_max_dem= 0.32	ftotal_max_dem= 0.00

save plot...........................
test Particle 4580
time = 0.230000


461000	 rho_max_sph= 1.78	u_max_sph=24.21	ftotal_max_sph=159028.82

461000	 rho_max_dem=5700.00	u_max_dem= 0.32	ftotal_max_dem= 0.00

462000	 rho_max_sph= 1.78	u_max_sph=24.21	ftotal_max_sph=159021.71

462000	 rho_max_dem=5700.00	u_max_dem= 0.31	ftotal_max_dem= 0.00

463000	 rho_max_sph= 1.78	u_max_sph=24.21	ftotal_max_sph=159019.66

463000	 rho_max_dem=5700.00	u_max_dem= 0.32	ftotal_max_dem= 0.00

464000	 rho_max_sph= 1.78	u_max_sph=24.21	ftotal_max_sph=159014.62

464000	 rho_max_dem=5700.00	u_max_dem= 0.32	ftotal_max_dem= 0.00

465000	 rho_max_sph= 1.78	u_max_sph=24.21	ftotal_max_sph=159008.08

465000	 rho_max_dem=5700.00	u_max_dem= 0.32	ftotal_max_dem= 0.00

466000	 rho_max_sph= 1.78	u_max_sph=24.21	ftotal_max_sph=159002.02

466000	 rho_max_dem=5700.00	u_max_dem= 0.32	ftotal_max_dem= 0.00

467000	 rho_max_sph= 1.78	u_max_sph=24.21	ftotal_max_sph=158992.65

467000	 rho_max_dem=5700.00	u_max_dem= 0.31	ftotal_max_dem= 0.00

468000	 rho_max_sph= 1.78	u_max_sph=24.21	ftotal_max_sph=158988.70

468000	 rho_max_dem=5700.00	u_max_dem= 0.30	ftotal_max_dem= 0.00

469000	 rho_max_sph= 1.78	u_max_sph=24.21	ftotal_max_sph=158983.44

469000	 rho_max_dem=5700.00	u_max_dem= 0.29	ftotal_max_dem= 0.00

470000	 rho_max_sph= 1.78	u_max_sph=24.21	ftotal_max_sph=158977.71

470000	 rho_max_dem=5700.00	u_max_dem= 0.30	ftotal_max_dem= 0.00

save plot...........................
test Particle 4580
time = 0.235000


471000	 rho_max_sph= 1.78	u_max_sph=24.21	ftotal_max_sph=158969.92

471000	 rho_max_dem=5700.00	u_max_dem= 0.28	ftotal_max_dem= 0.00

472000	 rho_max_sph= 1.78	u_max_sph=24.21	ftotal_max_sph=158964.31

472000	 rho_max_dem=5700.00	u_max_dem= 0.27	ftotal_max_dem= 0.00

473000	 rho_max_sph= 1.78	u_max_sph=24.21	ftotal_max_sph=158960.72

473000	 rho_max_dem=5700.00	u_max_dem= 0.26	ftotal_max_dem= 0.00

474000	 rho_max_sph= 1.78	u_max_sph=24.21	ftotal_max_sph=158962.71

474000	 rho_max_dem=5700.00	u_max_dem= 0.27	ftotal_max_dem= 0.00

475000	 rho_max_sph= 1.78	u_max_sph=24.21	ftotal_max_sph=158965.01

475000	 rho_max_dem=5700.00	u_max_dem= 0.27	ftotal_max_dem= 0.00

476000	 rho_max_sph= 1.78	u_max_sph=24.21	ftotal_max_sph=158969.78

476000	 rho_max_dem=5700.00	u_max_dem= 0.27	ftotal_max_dem= 0.00

477000	 rho_max_sph= 1.78	u_max_sph=24.21	ftotal_max_sph=158974.39

477000	 rho_max_dem=5700.00	u_max_dem= 0.27	ftotal_max_dem= 0.00

478000	 rho_max_sph= 1.78	u_max_sph=24.21	ftotal_max_sph=158981.51

478000	 rho_max_dem=5700.00	u_max_dem= 0.25	ftotal_max_dem= 0.00

479000	 rho_max_sph= 1.78	u_max_sph=24.21	ftotal_max_sph=158989.30

479000	 rho_max_dem=5700.00	u_max_dem= 0.25	ftotal_max_dem= 0.00

480000	 rho_max_sph= 1.78	u_max_sph=24.21	ftotal_max_sph=158995.58

480000	 rho_max_dem=5700.00	u_max_dem= 0.25	ftotal_max_dem= 0.00

save plot...........................
test Particle 4580
time = 0.240000


481000	 rho_max_sph= 1.78	u_max_sph=24.21	ftotal_max_sph=158998.11

481000	 rho_max_dem=5700.00	u_max_dem= 0.25	ftotal_max_dem= 0.00

482000	 rho_max_sph= 1.78	u_max_sph=24.21	ftotal_max_sph=159007.08

482000	 rho_max_dem=5700.00	u_max_dem= 0.26	ftotal_max_dem= 0.00

483000	 rho_max_sph= 1.78	u_max_sph=24.21	ftotal_max_sph=159011.98

483000	 rho_max_dem=5700.00	u_max_dem= 0.26	ftotal_max_dem= 0.00

484000	 rho_max_sph= 1.78	u_max_sph=24.21	ftotal_max_sph=159017.75

484000	 rho_max_dem=5700.00	u_max_dem= 0.26	ftotal_max_dem= 0.00

485000	 rho_max_sph= 1.78	u_max_sph=24.21	ftotal_max_sph=159021.74

485000	 rho_max_dem=5700.00	u_max_dem= 0.26	ftotal_max_dem= 0.00

486000	 rho_max_sph= 1.78	u_max_sph=24.21	ftotal_max_sph=159026.29

486000	 rho_max_dem=5700.00	u_max_dem= 0.26	ftotal_max_dem= 0.00

487000	 rho_max_sph= 1.78	u_max_sph=24.21	ftotal_max_sph=159031.19

487000	 rho_max_dem=5700.00	u_max_dem= 0.26	ftotal_max_dem= 0.00

488000	 rho_max_sph= 1.78	u_max_sph=24.21	ftotal_max_sph=159037.11

488000	 rho_max_dem=5700.00	u_max_dem= 0.26	ftotal_max_dem= 0.00

489000	 rho_max_sph= 1.78	u_max_sph=24.21	ftotal_max_sph=159042.31

489000	 rho_max_dem=5700.00	u_max_dem= 0.26	ftotal_max_dem= 0.00

490000	 rho_max_sph= 1.78	u_max_sph=24.21	ftotal_max_sph=159044.19

490000	 rho_max_dem=5700.00	u_max_dem= 0.25	ftotal_max_dem= 0.00

save plot...........................
test Particle 4580
time = 0.245000


491000	 rho_max_sph= 1.78	u_max_sph=24.21	ftotal_max_sph=159051.00

491000	 rho_max_dem=5700.00	u_max_dem= 0.24	ftotal_max_dem= 0.00

492000	 rho_max_sph= 1.78	u_max_sph=24.21	ftotal_max_sph=159054.67

492000	 rho_max_dem=5700.00	u_max_dem= 0.22	ftotal_max_dem= 0.00

493000	 rho_max_sph= 1.78	u_max_sph=24.21	ftotal_max_sph=159059.83

493000	 rho_max_dem=5700.00	u_max_dem= 0.22	ftotal_max_dem= 0.00

494000	 rho_max_sph= 1.78	u_max_sph=24.21	ftotal_max_sph=159063.93

494000	 rho_max_dem=5700.00	u_max_dem= 0.22	ftotal_max_dem= 0.00

495000	 rho_max_sph= 1.78	u_max_sph=24.21	ftotal_max_sph=159064.74

495000	 rho_max_dem=5700.00	u_max_dem= 0.22	ftotal_max_dem= 0.00

496000	 rho_max_sph= 1.78	u_max_sph=24.21	ftotal_max_sph=159071.26

496000	 rho_max_dem=5700.00	u_max_dem= 0.22	ftotal_max_dem= 0.00

497000	 rho_max_sph= 1.78	u_max_sph=24.21	ftotal_max_sph=159077.38

497000	 rho_max_dem=5700.00	u_max_dem= 0.22	ftotal_max_dem= 0.00

498000	 rho_max_sph= 1.78	u_max_sph=24.21	ftotal_max_sph=159082.42

498000	 rho_max_dem=5700.00	u_max_dem= 0.22	ftotal_max_dem= 0.00

499000	 rho_max_sph= 1.78	u_max_sph=24.21	ftotal_max_sph=159087.78

499000	 rho_max_dem=5700.00	u_max_dem= 0.22	ftotal_max_dem= 0.00

500000	 rho_max_sph= 1.78	u_max_sph=24.21	ftotal_max_sph=159088.80

500000	 rho_max_dem=5700.00	u_max_dem= 0.22	ftotal_max_dem= 0.00

save plot...........................
test Particle 4580
time = 0.250000


501000	 rho_max_sph= 1.78	u_max_sph=24.21	ftotal_max_sph=159089.42

501000	 rho_max_dem=5700.00	u_max_dem= 0.22	ftotal_max_dem= 0.00

502000	 rho_max_sph= 1.78	u_max_sph=24.21	ftotal_max_sph=159097.37

502000	 rho_max_dem=5700.00	u_max_dem= 0.22	ftotal_max_dem= 0.00

503000	 rho_max_sph= 1.78	u_max_sph=24.21	ftotal_max_sph=159102.11

503000	 rho_max_dem=5700.00	u_max_dem= 0.22	ftotal_max_dem= 0.00

504000	 rho_max_sph= 1.78	u_max_sph=24.21	ftotal_max_sph=159103.71

504000	 rho_max_dem=5700.00	u_max_dem= 0.20	ftotal_max_dem= 0.00

505000	 rho_max_sph= 1.78	u_max_sph=24.21	ftotal_max_sph=159109.28

505000	 rho_max_dem=5700.00	u_max_dem= 0.20	ftotal_max_dem= 0.00

506000	 rho_max_sph= 1.78	u_max_sph=24.21	ftotal_max_sph=159114.86

506000	 rho_max_dem=5700.00	u_max_dem= 0.20	ftotal_max_dem= 0.00

507000	 rho_max_sph= 1.78	u_max_sph=24.21	ftotal_max_sph=159115.31

507000	 rho_max_dem=5700.00	u_max_dem= 0.20	ftotal_max_dem= 0.00

508000	 rho_max_sph= 1.78	u_max_sph=24.21	ftotal_max_sph=159123.75

508000	 rho_max_dem=5700.00	u_max_dem= 0.19	ftotal_max_dem= 0.00

509000	 rho_max_sph= 1.78	u_max_sph=24.21	ftotal_max_sph=159125.26

509000	 rho_max_dem=5700.00	u_max_dem= 0.19	ftotal_max_dem= 0.00

510000	 rho_max_sph= 1.78	u_max_sph=24.21	ftotal_max_sph=159128.14

510000	 rho_max_dem=5700.00	u_max_dem= 0.19	ftotal_max_dem= 0.00

save plot...........................
test Particle 4580
time = 0.255000


511000	 rho_max_sph= 1.78	u_max_sph=24.21	ftotal_max_sph=159131.60

511000	 rho_max_dem=5700.00	u_max_dem= 0.19	ftotal_max_dem= 0.00

512000	 rho_max_sph= 1.78	u_max_sph=24.21	ftotal_max_sph=159136.33

512000	 rho_max_dem=5700.00	u_max_dem= 0.19	ftotal_max_dem= 0.00

513000	 rho_max_sph= 1.78	u_max_sph=24.21	ftotal_max_sph=159138.70

513000	 rho_max_dem=5700.00	u_max_dem= 0.19	ftotal_max_dem= 0.00

514000	 rho_max_sph= 1.78	u_max_sph=24.21	ftotal_max_sph=159141.35

514000	 rho_max_dem=5700.00	u_max_dem= 0.18	ftotal_max_dem= 0.00

515000	 rho_max_sph= 1.78	u_max_sph=24.21	ftotal_max_sph=159148.53

515000	 rho_max_dem=5700.00	u_max_dem= 0.18	ftotal_max_dem= 0.00

516000	 rho_max_sph= 1.78	u_max_sph=24.21	ftotal_max_sph=159152.13

516000	 rho_max_dem=5700.00	u_max_dem= 0.18	ftotal_max_dem= 0.00

517000	 rho_max_sph= 1.78	u_max_sph=24.21	ftotal_max_sph=159155.95

517000	 rho_max_dem=5700.00	u_max_dem= 0.19	ftotal_max_dem= 0.00

518000	 rho_max_sph= 1.78	u_max_sph=24.21	ftotal_max_sph=159160.29

518000	 rho_max_dem=5700.00	u_max_dem= 0.17	ftotal_max_dem= 0.00

519000	 rho_max_sph= 1.78	u_max_sph=24.21	ftotal_max_sph=159164.30

519000	 rho_max_dem=5700.00	u_max_dem= 0.16	ftotal_max_dem= 0.00

520000	 rho_max_sph= 1.78	u_max_sph=24.21	ftotal_max_sph=159169.79

520000	 rho_max_dem=5700.00	u_max_dem= 0.16	ftotal_max_dem= 0.00

save plot...........................
test Particle 4580
time = 0.260000


521000	 rho_max_sph= 1.78	u_max_sph=24.21	ftotal_max_sph=159173.45

521000	 rho_max_dem=5700.00	u_max_dem= 0.16	ftotal_max_dem= 0.00

522000	 rho_max_sph= 1.78	u_max_sph=24.21	ftotal_max_sph=159178.79

522000	 rho_max_dem=5700.00	u_max_dem= 0.16	ftotal_max_dem= 0.00

523000	 rho_max_sph= 1.78	u_max_sph=24.21	ftotal_max_sph=159186.12

523000	 rho_max_dem=5700.00	u_max_dem= 0.16	ftotal_max_dem= 0.00

524000	 rho_max_sph= 1.78	u_max_sph=24.21	ftotal_max_sph=159189.34

524000	 rho_max_dem=5700.00	u_max_dem= 0.16	ftotal_max_dem= 0.00

525000	 rho_max_sph= 1.78	u_max_sph=24.21	ftotal_max_sph=159193.39

525000	 rho_max_dem=5700.00	u_max_dem= 0.16	ftotal_max_dem= 0.00

526000	 rho_max_sph= 1.78	u_max_sph=24.21	ftotal_max_sph=159198.60

526000	 rho_max_dem=5700.00	u_max_dem= 0.15	ftotal_max_dem= 0.00

527000	 rho_max_sph= 1.78	u_max_sph=24.21	ftotal_max_sph=159202.09

527000	 rho_max_dem=5700.00	u_max_dem= 0.15	ftotal_max_dem= 0.00

528000	 rho_max_sph= 1.78	u_max_sph=24.21	ftotal_max_sph=159207.86

528000	 rho_max_dem=5700.00	u_max_dem= 0.15	ftotal_max_dem= 0.00

529000	 rho_max_sph= 1.78	u_max_sph=24.21	ftotal_max_sph=159212.95

529000	 rho_max_dem=5700.00	u_max_dem= 0.15	ftotal_max_dem= 0.00

530000	 rho_max_sph= 1.78	u_max_sph=24.21	ftotal_max_sph=159216.43

530000	 rho_max_dem=5700.00	u_max_dem= 0.15	ftotal_max_dem= 0.00

save plot...........................
test Particle 4580
time = 0.265000


531000	 rho_max_sph= 1.78	u_max_sph=24.21	ftotal_max_sph=159223.44

531000	 rho_max_dem=5700.00	u_max_dem= 0.15	ftotal_max_dem= 0.00

532000	 rho_max_sph= 1.78	u_max_sph=24.21	ftotal_max_sph=159230.34

532000	 rho_max_dem=5700.00	u_max_dem= 0.15	ftotal_max_dem= 0.00

533000	 rho_max_sph= 1.78	u_max_sph=24.21	ftotal_max_sph=159231.27

533000	 rho_max_dem=5700.00	u_max_dem= 0.16	ftotal_max_dem= 0.00

534000	 rho_max_sph= 1.78	u_max_sph=24.21	ftotal_max_sph=159240.01

534000	 rho_max_dem=5700.00	u_max_dem= 0.16	ftotal_max_dem= 0.00

535000	 rho_max_sph= 1.78	u_max_sph=24.21	ftotal_max_sph=159243.91

535000	 rho_max_dem=5700.00	u_max_dem= 0.16	ftotal_max_dem= 0.00

536000	 rho_max_sph= 1.78	u_max_sph=24.21	ftotal_max_sph=159252.64

536000	 rho_max_dem=5700.00	u_max_dem= 0.16	ftotal_max_dem= 0.00

537000	 rho_max_sph= 1.78	u_max_sph=24.21	ftotal_max_sph=159258.48

537000	 rho_max_dem=5700.00	u_max_dem= 0.17	ftotal_max_dem= 0.00

538000	 rho_max_sph= 1.78	u_max_sph=24.21	ftotal_max_sph=159266.41

538000	 rho_max_dem=5700.00	u_max_dem= 0.17	ftotal_max_dem= 0.00

539000	 rho_max_sph= 1.78	u_max_sph=24.21	ftotal_max_sph=159274.28

539000	 rho_max_dem=5700.00	u_max_dem= 0.18	ftotal_max_dem= 0.00

540000	 rho_max_sph= 1.78	u_max_sph=24.21	ftotal_max_sph=159283.06

540000	 rho_max_dem=5700.00	u_max_dem= 0.18	ftotal_max_dem= 0.00

save plot...........................
test Particle 4580
time = 0.270000


541000	 rho_max_sph= 1.78	u_max_sph=24.21	ftotal_max_sph=159291.38

541000	 rho_max_dem=5700.00	u_max_dem= 0.18	ftotal_max_dem= 0.00

542000	 rho_max_sph= 1.78	u_max_sph=24.21	ftotal_max_sph=159300.91

542000	 rho_max_dem=5700.00	u_max_dem= 0.18	ftotal_max_dem= 0.00

543000	 rho_max_sph= 1.78	u_max_sph=24.21	ftotal_max_sph=159311.63

543000	 rho_max_dem=5700.00	u_max_dem= 0.19	ftotal_max_dem= 0.00

544000	 rho_max_sph= 1.78	u_max_sph=24.21	ftotal_max_sph=159321.14

544000	 rho_max_dem=5700.00	u_max_dem= 0.19	ftotal_max_dem= 0.00

545000	 rho_max_sph= 1.78	u_max_sph=24.21	ftotal_max_sph=159331.38

545000	 rho_max_dem=5700.00	u_max_dem= 0.19	ftotal_max_dem= 0.00

546000	 rho_max_sph= 1.78	u_max_sph=24.21	ftotal_max_sph=159342.70

546000	 rho_max_dem=5700.00	u_max_dem= 0.19	ftotal_max_dem= 0.00

547000	 rho_max_sph= 1.78	u_max_sph=24.21	ftotal_max_sph=159356.58

547000	 rho_max_dem=5700.00	u_max_dem= 0.20	ftotal_max_dem= 0.00

548000	 rho_max_sph= 1.78	u_max_sph=24.21	ftotal_max_sph=159368.88

548000	 rho_max_dem=5700.00	u_max_dem= 0.20	ftotal_max_dem= 0.00

549000	 rho_max_sph= 1.78	u_max_sph=24.21	ftotal_max_sph=159387.34

549000	 rho_max_dem=5700.00	u_max_dem= 0.19	ftotal_max_dem= 0.00

550000	 rho_max_sph= 1.78	u_max_sph=24.21	ftotal_max_sph=159404.54

550000	 rho_max_dem=5700.00	u_max_dem= 0.19	ftotal_max_dem= 0.00

save plot...........................
test Particle 4580
time = 0.275000


551000	 rho_max_sph= 1.78	u_max_sph=24.21	ftotal_max_sph=159424.34

551000	 rho_max_dem=5700.00	u_max_dem= 0.19	ftotal_max_dem= 0.00

552000	 rho_max_sph= 1.78	u_max_sph=24.21	ftotal_max_sph=159446.66

552000	 rho_max_dem=5700.00	u_max_dem= 0.19	ftotal_max_dem= 0.00

553000	 rho_max_sph= 1.78	u_max_sph=24.21	ftotal_max_sph=159467.25

553000	 rho_max_dem=5700.00	u_max_dem= 0.20	ftotal_max_dem= 0.00

554000	 rho_max_sph= 1.78	u_max_sph=24.21	ftotal_max_sph=159489.44

554000	 rho_max_dem=5700.00	u_max_dem= 0.20	ftotal_max_dem= 0.00

555000	 rho_max_sph= 1.78	u_max_sph=24.21	ftotal_max_sph=159511.66

555000	 rho_max_dem=5700.00	u_max_dem= 0.20	ftotal_max_dem= 0.00

556000	 rho_max_sph= 1.78	u_max_sph=24.21	ftotal_max_sph=159537.09

556000	 rho_max_dem=5700.00	u_max_dem= 0.20	ftotal_max_dem= 0.00

557000	 rho_max_sph= 1.78	u_max_sph=24.21	ftotal_max_sph=159567.24

557000	 rho_max_dem=5700.00	u_max_dem= 0.20	ftotal_max_dem= 0.00

558000	 rho_max_sph= 1.78	u_max_sph=24.21	ftotal_max_sph=159594.43

558000	 rho_max_dem=5700.00	u_max_dem= 0.21	ftotal_max_dem= 0.00

559000	 rho_max_sph= 1.78	u_max_sph=24.21	ftotal_max_sph=159615.99

559000	 rho_max_dem=5700.00	u_max_dem= 0.21	ftotal_max_dem= 0.00

560000	 rho_max_sph= 1.78	u_max_sph=24.21	ftotal_max_sph=159647.89

560000	 rho_max_dem=5700.00	u_max_dem= 0.21	ftotal_max_dem= 0.00

save plot...........................
test Particle 4580
time = 0.280000


561000	 rho_max_sph= 1.78	u_max_sph=24.21	ftotal_max_sph=159670.76

561000	 rho_max_dem=5700.00	u_max_dem= 0.21	ftotal_max_dem= 0.00

562000	 rho_max_sph= 1.78	u_max_sph=24.21	ftotal_max_sph=159699.68

562000	 rho_max_dem=5700.00	u_max_dem= 0.21	ftotal_max_dem= 0.00

563000	 rho_max_sph= 1.78	u_max_sph=24.21	ftotal_max_sph=159730.44

563000	 rho_max_dem=5700.00	u_max_dem= 0.21	ftotal_max_dem= 0.00

564000	 rho_max_sph= 1.78	u_max_sph=24.21	ftotal_max_sph=159762.40

564000	 rho_max_dem=5700.00	u_max_dem= 0.22	ftotal_max_dem= 0.00

565000	 rho_max_sph= 1.78	u_max_sph=24.21	ftotal_max_sph=159798.96

565000	 rho_max_dem=5700.00	u_max_dem= 0.23	ftotal_max_dem= 0.00

566000	 rho_max_sph= 1.78	u_max_sph=24.21	ftotal_max_sph=159839.69

566000	 rho_max_dem=5700.00	u_max_dem= 0.24	ftotal_max_dem= 0.00

567000	 rho_max_sph= 1.78	u_max_sph=24.21	ftotal_max_sph=159875.72

567000	 rho_max_dem=5700.00	u_max_dem= 0.24	ftotal_max_dem= 0.00

568000	 rho_max_sph= 1.78	u_max_sph=24.21	ftotal_max_sph=159919.72

568000	 rho_max_dem=5700.00	u_max_dem= 0.24	ftotal_max_dem= 0.00

569000	 rho_max_sph= 1.78	u_max_sph=24.22	ftotal_max_sph=159958.34

569000	 rho_max_dem=5700.00	u_max_dem= 0.24	ftotal_max_dem= 0.00

570000	 rho_max_sph= 1.78	u_max_sph=24.22	ftotal_max_sph=160005.80

570000	 rho_max_dem=5700.00	u_max_dem= 0.23	ftotal_max_dem= 0.00

save plot...........................
test Particle 4580
time = 0.285000


571000	 rho_max_sph= 1.78	u_max_sph=24.23	ftotal_max_sph=160044.98

571000	 rho_max_dem=5700.00	u_max_dem= 0.23	ftotal_max_dem= 0.00

572000	 rho_max_sph= 1.78	u_max_sph=24.24	ftotal_max_sph=160088.97

572000	 rho_max_dem=5700.00	u_max_dem= 0.23	ftotal_max_dem= 0.00

573000	 rho_max_sph= 1.78	u_max_sph=24.24	ftotal_max_sph=160123.22

573000	 rho_max_dem=5700.00	u_max_dem= 0.23	ftotal_max_dem= 0.00

574000	 rho_max_sph= 1.78	u_max_sph=24.25	ftotal_max_sph=160161.18

574000	 rho_max_dem=5700.00	u_max_dem= 0.22	ftotal_max_dem= 0.00

575000	 rho_max_sph= 1.78	u_max_sph=24.26	ftotal_max_sph=160196.83

575000	 rho_max_dem=5700.00	u_max_dem= 0.23	ftotal_max_dem= 0.00

576000	 rho_max_sph= 1.78	u_max_sph=24.26	ftotal_max_sph=160243.58

576000	 rho_max_dem=5700.00	u_max_dem= 0.23	ftotal_max_dem= 0.00

577000	 rho_max_sph= 1.78	u_max_sph=24.27	ftotal_max_sph=160281.40

577000	 rho_max_dem=5700.00	u_max_dem= 0.24	ftotal_max_dem= 0.00

578000	 rho_max_sph= 1.78	u_max_sph=24.28	ftotal_max_sph=160320.69

578000	 rho_max_dem=5700.00	u_max_dem= 0.24	ftotal_max_dem= 0.00

579000	 rho_max_sph= 1.78	u_max_sph=24.29	ftotal_max_sph=160352.06

579000	 rho_max_dem=5700.00	u_max_dem= 0.24	ftotal_max_dem= 0.00

580000	 rho_max_sph= 1.78	u_max_sph=24.30	ftotal_max_sph=160387.70

580000	 rho_max_dem=5700.00	u_max_dem= 0.24	ftotal_max_dem= 0.00

save plot...........................
test Particle 4580
time = 0.290000


581000	 rho_max_sph= 1.78	u_max_sph=24.31	ftotal_max_sph=160422.62

581000	 rho_max_dem=5700.00	u_max_dem= 0.24	ftotal_max_dem= 0.00

582000	 rho_max_sph= 1.78	u_max_sph=24.32	ftotal_max_sph=160455.95

582000	 rho_max_dem=5700.00	u_max_dem= 0.24	ftotal_max_dem= 0.00

583000	 rho_max_sph= 1.78	u_max_sph=24.34	ftotal_max_sph=160491.58

583000	 rho_max_dem=5700.00	u_max_dem= 0.23	ftotal_max_dem= 0.00

584000	 rho_max_sph= 1.78	u_max_sph=24.35	ftotal_max_sph=160522.39

584000	 rho_max_dem=5700.00	u_max_dem= 0.23	ftotal_max_dem= 0.00

585000	 rho_max_sph= 1.78	u_max_sph=24.36	ftotal_max_sph=160551.58

585000	 rho_max_dem=5700.00	u_max_dem= 0.23	ftotal_max_dem= 0.00

586000	 rho_max_sph= 1.78	u_max_sph=24.37	ftotal_max_sph=160572.09

586000	 rho_max_dem=5700.00	u_max_dem= 0.23	ftotal_max_dem= 0.00

587000	 rho_max_sph= 1.78	u_max_sph=24.39	ftotal_max_sph=160604.60

587000	 rho_max_dem=5700.00	u_max_dem= 0.23	ftotal_max_dem= 0.00

588000	 rho_max_sph= 1.78	u_max_sph=24.40	ftotal_max_sph=160640.61

588000	 rho_max_dem=5700.00	u_max_dem= 0.25	ftotal_max_dem= 0.00

589000	 rho_max_sph= 1.78	u_max_sph=24.42	ftotal_max_sph=160668.70

589000	 rho_max_dem=5700.00	u_max_dem= 0.25	ftotal_max_dem= 0.00

590000	 rho_max_sph= 1.78	u_max_sph=24.44	ftotal_max_sph=160690.46

590000	 rho_max_dem=5700.00	u_max_dem= 0.25	ftotal_max_dem= 0.00

save plot...........................
test Particle 4580
time = 0.295000


591000	 rho_max_sph= 1.78	u_max_sph=24.45	ftotal_max_sph=160707.16

591000	 rho_max_dem=5700.00	u_max_dem= 0.25	ftotal_max_dem= 0.00

592000	 rho_max_sph= 1.78	u_max_sph=24.47	ftotal_max_sph=160694.87

592000	 rho_max_dem=5700.00	u_max_dem= 0.25	ftotal_max_dem= 0.00

593000	 rho_max_sph= 1.78	u_max_sph=24.48	ftotal_max_sph=160689.14

593000	 rho_max_dem=5700.00	u_max_dem= 0.24	ftotal_max_dem= 0.00

594000	 rho_max_sph= 1.78	u_max_sph=24.50	ftotal_max_sph=160682.83

594000	 rho_max_dem=5700.00	u_max_dem= 0.23	ftotal_max_dem= 0.00

595000	 rho_max_sph= 1.78	u_max_sph=24.51	ftotal_max_sph=160663.90

595000	 rho_max_dem=5700.00	u_max_dem= 0.23	ftotal_max_dem= 0.00

596000	 rho_max_sph= 1.78	u_max_sph=24.53	ftotal_max_sph=160630.80

596000	 rho_max_dem=5700.00	u_max_dem= 0.23	ftotal_max_dem= 0.00

597000	 rho_max_sph= 1.78	u_max_sph=24.54	ftotal_max_sph=160564.76

597000	 rho_max_dem=5700.00	u_max_dem= 0.22	ftotal_max_dem= 0.00

598000	 rho_max_sph= 1.78	u_max_sph=24.55	ftotal_max_sph=160478.79

598000	 rho_max_dem=5700.00	u_max_dem= 0.26	ftotal_max_dem= 0.00

599000	 rho_max_sph= 1.78	u_max_sph=24.57	ftotal_max_sph=160412.62

599000	 rho_max_dem=5700.00	u_max_dem= 0.26	ftotal_max_dem= 0.00

600000	 rho_max_sph= 1.78	u_max_sph=24.58	ftotal_max_sph=160339.31

600000	 rho_max_dem=5700.00	u_max_dem= 0.26	ftotal_max_dem= 0.00

save plot...........................
test Particle 4580
time = 0.300000


601000	 rho_max_sph= 1.78	u_max_sph=24.59	ftotal_max_sph=160241.39

601000	 rho_max_dem=5700.00	u_max_dem= 0.27	ftotal_max_dem= 0.00

602000	 rho_max_sph= 1.78	u_max_sph=24.61	ftotal_max_sph=160140.56

602000	 rho_max_dem=5700.00	u_max_dem= 0.27	ftotal_max_dem= 0.00

603000	 rho_max_sph= 1.78	u_max_sph=24.62	ftotal_max_sph=160042.97

603000	 rho_max_dem=5700.00	u_max_dem= 0.22	ftotal_max_dem= 0.00

604000	 rho_max_sph= 1.78	u_max_sph=24.63	ftotal_max_sph=159945.13

604000	 rho_max_dem=5700.00	u_max_dem= 0.22	ftotal_max_dem= 0.00

605000	 rho_max_sph= 1.78	u_max_sph=24.64	ftotal_max_sph=159841.67

605000	 rho_max_dem=5700.00	u_max_dem= 0.23	ftotal_max_dem= 0.00

606000	 rho_max_sph= 1.78	u_max_sph=24.65	ftotal_max_sph=159774.11

606000	 rho_max_dem=5700.00	u_max_dem= 0.24	ftotal_max_dem= 0.00

607000	 rho_max_sph= 1.78	u_max_sph=24.65	ftotal_max_sph=159677.13

607000	 rho_max_dem=5700.00	u_max_dem= 0.25	ftotal_max_dem= 0.00

608000	 rho_max_sph= 1.78	u_max_sph=24.65	ftotal_max_sph=159587.65

608000	 rho_max_dem=5700.00	u_max_dem= 0.27	ftotal_max_dem= 0.00

609000	 rho_max_sph= 1.78	u_max_sph=24.66	ftotal_max_sph=159494.93

609000	 rho_max_dem=5700.00	u_max_dem= 0.30	ftotal_max_dem= 0.00

610000	 rho_max_sph= 1.78	u_max_sph=24.65	ftotal_max_sph=159362.34

610000	 rho_max_dem=5700.00	u_max_dem= 0.31	ftotal_max_dem= 0.00

save plot...........................
test Particle 4580
time = 0.305000


611000	 rho_max_sph= 1.78	u_max_sph=24.65	ftotal_max_sph=159225.09

611000	 rho_max_dem=5700.00	u_max_dem= 0.33	ftotal_max_dem= 0.00

612000	 rho_max_sph= 1.78	u_max_sph=24.64	ftotal_max_sph=159098.39

612000	 rho_max_dem=5700.00	u_max_dem= 0.35	ftotal_max_dem= 0.00

613000	 rho_max_sph= 1.78	u_max_sph=24.63	ftotal_max_sph=158972.18

613000	 rho_max_dem=5700.00	u_max_dem= 0.35	ftotal_max_dem= 0.00

614000	 rho_max_sph= 1.78	u_max_sph=24.62	ftotal_max_sph=158856.69

614000	 rho_max_dem=5700.00	u_max_dem= 0.37	ftotal_max_dem= 0.00

615000	 rho_max_sph= 1.78	u_max_sph=24.61	ftotal_max_sph=158796.30

615000	 rho_max_dem=5700.00	u_max_dem= 0.39	ftotal_max_dem= 0.00

616000	 rho_max_sph= 1.78	u_max_sph=24.60	ftotal_max_sph=158754.53

616000	 rho_max_dem=5700.00	u_max_dem= 0.48	ftotal_max_dem= 0.00

617000	 rho_max_sph= 1.78	u_max_sph=24.59	ftotal_max_sph=158716.96

617000	 rho_max_dem=5700.00	u_max_dem= 0.49	ftotal_max_dem= 0.00

618000	 rho_max_sph= 1.78	u_max_sph=24.57	ftotal_max_sph=158639.74

618000	 rho_max_dem=5700.00	u_max_dem= 0.50	ftotal_max_dem= 0.00

619000	 rho_max_sph= 1.78	u_max_sph=24.55	ftotal_max_sph=158587.58

619000	 rho_max_dem=5700.00	u_max_dem= 0.50	ftotal_max_dem= 0.00

620000	 rho_max_sph= 1.78	u_max_sph=24.54	ftotal_max_sph=158539.95

620000	 rho_max_dem=5700.00	u_max_dem= 0.51	ftotal_max_dem= 0.00

save plot...........................
test Particle 4580
time = 0.310000


621000	 rho_max_sph= 1.78	u_max_sph=24.52	ftotal_max_sph=158568.15

621000	 rho_max_dem=5700.00	u_max_dem= 0.52	ftotal_max_dem= 0.00

622000	 rho_max_sph= 1.78	u_max_sph=24.51	ftotal_max_sph=158671.47

622000	 rho_max_dem=5700.00	u_max_dem= 0.53	ftotal_max_dem= 0.00

623000	 rho_max_sph= 1.78	u_max_sph=24.50	ftotal_max_sph=158800.29

623000	 rho_max_dem=5700.00	u_max_dem= 0.49	ftotal_max_dem= 0.00

624000	 rho_max_sph= 1.78	u_max_sph=24.49	ftotal_max_sph=158924.47

624000	 rho_max_dem=5700.00	u_max_dem= 0.50	ftotal_max_dem= 0.00

625000	 rho_max_sph= 1.78	u_max_sph=24.48	ftotal_max_sph=159016.32

625000	 rho_max_dem=5700.00	u_max_dem= 0.50	ftotal_max_dem= 0.00

626000	 rho_max_sph= 1.78	u_max_sph=24.46	ftotal_max_sph=159069.33

626000	 rho_max_dem=5700.00	u_max_dem= 0.40	ftotal_max_dem= 0.00

627000	 rho_max_sph= 1.78	u_max_sph=24.45	ftotal_max_sph=159102.58

627000	 rho_max_dem=5700.00	u_max_dem= 0.40	ftotal_max_dem= 0.00

628000	 rho_max_sph= 1.78	u_max_sph=24.44	ftotal_max_sph=159140.93

628000	 rho_max_dem=5700.00	u_max_dem= 0.40	ftotal_max_dem= 0.00

629000	 rho_max_sph= 1.78	u_max_sph=24.43	ftotal_max_sph=159224.47

629000	 rho_max_dem=5700.00	u_max_dem= 0.41	ftotal_max_dem= 0.00

630000	 rho_max_sph= 1.78	u_max_sph=24.42	ftotal_max_sph=159369.67

630000	 rho_max_dem=5700.00	u_max_dem= 0.41	ftotal_max_dem= 0.00

save plot...........................
test Particle 4580
time = 0.315000


631000	 rho_max_sph= 1.78	u_max_sph=24.41	ftotal_max_sph=159518.88

631000	 rho_max_dem=5700.00	u_max_dem= 0.38	ftotal_max_dem= 0.00

632000	 rho_max_sph= 1.78	u_max_sph=24.41	ftotal_max_sph=159656.66

632000	 rho_max_dem=5700.00	u_max_dem= 0.39	ftotal_max_dem= 0.00

633000	 rho_max_sph= 1.78	u_max_sph=24.40	ftotal_max_sph=159757.14

633000	 rho_max_dem=5700.00	u_max_dem= 0.40	ftotal_max_dem= 0.00

634000	 rho_max_sph= 1.78	u_max_sph=24.40	ftotal_max_sph=159829.14

634000	 rho_max_dem=5700.00	u_max_dem= 0.41	ftotal_max_dem= 0.00

635000	 rho_max_sph= 1.78	u_max_sph=24.39	ftotal_max_sph=159857.07

635000	 rho_max_dem=5700.00	u_max_dem= 0.42	ftotal_max_dem= 0.00

636000	 rho_max_sph= 1.78	u_max_sph=24.39	ftotal_max_sph=159881.75

636000	 rho_max_dem=5700.00	u_max_dem= 0.42	ftotal_max_dem= 0.00

637000	 rho_max_sph= 1.78	u_max_sph=24.38	ftotal_max_sph=159892.82

637000	 rho_max_dem=5700.00	u_max_dem= 0.44	ftotal_max_dem= 0.00

638000	 rho_max_sph= 1.78	u_max_sph=24.37	ftotal_max_sph=159885.39

638000	 rho_max_dem=5700.00	u_max_dem= 0.45	ftotal_max_dem= 0.00

639000	 rho_max_sph= 1.78	u_max_sph=24.36	ftotal_max_sph=159873.10

639000	 rho_max_dem=5700.00	u_max_dem= 0.46	ftotal_max_dem= 0.00

640000	 rho_max_sph= 1.78	u_max_sph=24.35	ftotal_max_sph=159853.30

640000	 rho_max_dem=5700.00	u_max_dem= 0.38	ftotal_max_dem= 0.00

save plot...........................
test Particle 4580
time = 0.320000


641000	 rho_max_sph= 1.78	u_max_sph=24.34	ftotal_max_sph=159814.46

641000	 rho_max_dem=5700.00	u_max_dem= 0.38	ftotal_max_dem= 0.00

642000	 rho_max_sph= 1.78	u_max_sph=24.34	ftotal_max_sph=159765.47

642000	 rho_max_dem=5700.00	u_max_dem= 0.36	ftotal_max_dem= 0.00

643000	 rho_max_sph= 1.78	u_max_sph=24.33	ftotal_max_sph=159712.96

643000	 rho_max_dem=5700.00	u_max_dem= 0.38	ftotal_max_dem= 0.00

644000	 rho_max_sph= 1.78	u_max_sph=24.32	ftotal_max_sph=159663.13

644000	 rho_max_dem=5700.00	u_max_dem= 0.37	ftotal_max_dem= 0.00

645000	 rho_max_sph= 1.78	u_max_sph=24.31	ftotal_max_sph=159618.61

645000	 rho_max_dem=5700.00	u_max_dem= 0.39	ftotal_max_dem= 0.00

646000	 rho_max_sph= 1.78	u_max_sph=24.30	ftotal_max_sph=159576.97

646000	 rho_max_dem=5700.00	u_max_dem= 0.40	ftotal_max_dem= 0.00

647000	 rho_max_sph= 1.78	u_max_sph=24.29	ftotal_max_sph=159533.50

647000	 rho_max_dem=5700.00	u_max_dem= 0.36	ftotal_max_dem= 0.00

648000	 rho_max_sph= 1.78	u_max_sph=24.28	ftotal_max_sph=159496.17

648000	 rho_max_dem=5700.00	u_max_dem= 0.36	ftotal_max_dem= 0.00

649000	 rho_max_sph= 1.78	u_max_sph=24.27	ftotal_max_sph=159465.86

649000	 rho_max_dem=5700.00	u_max_dem= 0.35	ftotal_max_dem= 0.00

650000	 rho_max_sph= 1.78	u_max_sph=24.26	ftotal_max_sph=159437.23

650000	 rho_max_dem=5700.00	u_max_dem= 0.36	ftotal_max_dem= 0.00

save plot...........................
test Particle 4580
time = 0.325000


651000	 rho_max_sph= 1.78	u_max_sph=24.25	ftotal_max_sph=159412.71

651000	 rho_max_dem=5700.00	u_max_dem= 0.35	ftotal_max_dem= 0.00

652000	 rho_max_sph= 1.78	u_max_sph=24.25	ftotal_max_sph=159392.95

652000	 rho_max_dem=5700.00	u_max_dem= 0.35	ftotal_max_dem= 0.00

653000	 rho_max_sph= 1.78	u_max_sph=24.24	ftotal_max_sph=159375.09

653000	 rho_max_dem=5700.00	u_max_dem= 0.34	ftotal_max_dem= 0.00

654000	 rho_max_sph= 1.78	u_max_sph=24.23	ftotal_max_sph=159371.25

654000	 rho_max_dem=5700.00	u_max_dem= 0.34	ftotal_max_dem= 0.00

655000	 rho_max_sph= 1.78	u_max_sph=24.23	ftotal_max_sph=159367.20

655000	 rho_max_dem=5700.00	u_max_dem= 0.34	ftotal_max_dem= 0.00

656000	 rho_max_sph= 1.78	u_max_sph=24.22	ftotal_max_sph=159363.25

656000	 rho_max_dem=5700.00	u_max_dem= 0.35	ftotal_max_dem= 0.00

657000	 rho_max_sph= 1.78	u_max_sph=24.22	ftotal_max_sph=159361.82

657000	 rho_max_dem=5700.00	u_max_dem= 0.35	ftotal_max_dem= 0.00

658000	 rho_max_sph= 1.78	u_max_sph=24.21	ftotal_max_sph=159358.85

658000	 rho_max_dem=5700.00	u_max_dem= 0.35	ftotal_max_dem= 0.00

659000	 rho_max_sph= 1.78	u_max_sph=24.21	ftotal_max_sph=159358.10

659000	 rho_max_dem=5700.00	u_max_dem= 0.33	ftotal_max_dem= 0.00

660000	 rho_max_sph= 1.78	u_max_sph=24.21	ftotal_max_sph=159356.53

660000	 rho_max_dem=5700.00	u_max_dem= 0.32	ftotal_max_dem= 0.00

save plot...........................
test Particle 4580
time = 0.330000


661000	 rho_max_sph= 1.78	u_max_sph=24.21	ftotal_max_sph=159357.79

661000	 rho_max_dem=5700.00	u_max_dem= 0.30	ftotal_max_dem= 0.00

662000	 rho_max_sph= 1.78	u_max_sph=24.21	ftotal_max_sph=159352.85

662000	 rho_max_dem=5700.00	u_max_dem= 0.30	ftotal_max_dem= 0.00

663000	 rho_max_sph= 1.78	u_max_sph=24.21	ftotal_max_sph=159350.38

663000	 rho_max_dem=5700.00	u_max_dem= 0.30	ftotal_max_dem= 0.00

664000	 rho_max_sph= 1.78	u_max_sph=24.21	ftotal_max_sph=159345.41

664000	 rho_max_dem=5700.00	u_max_dem= 0.31	ftotal_max_dem= 0.00

665000	 rho_max_sph= 1.78	u_max_sph=24.21	ftotal_max_sph=159340.26

665000	 rho_max_dem=5700.00	u_max_dem= 0.32	ftotal_max_dem= 0.00

666000	 rho_max_sph= 1.78	u_max_sph=24.21	ftotal_max_sph=159327.81

666000	 rho_max_dem=5700.00	u_max_dem= 0.33	ftotal_max_dem= 0.00

667000	 rho_max_sph= 1.78	u_max_sph=24.21	ftotal_max_sph=159321.97

667000	 rho_max_dem=5700.00	u_max_dem= 0.33	ftotal_max_dem= 0.00

668000	 rho_max_sph= 1.78	u_max_sph=24.21	ftotal_max_sph=159315.70

668000	 rho_max_dem=5700.00	u_max_dem= 0.34	ftotal_max_dem= 0.00

669000	 rho_max_sph= 1.78	u_max_sph=24.21	ftotal_max_sph=159310.40

669000	 rho_max_dem=5700.00	u_max_dem= 0.29	ftotal_max_dem= 0.00

670000	 rho_max_sph= 1.78	u_max_sph=24.21	ftotal_max_sph=159306.20

670000	 rho_max_dem=5700.00	u_max_dem= 0.29	ftotal_max_dem= 0.00

save plot...........................
test Particle 4580
time = 0.335000


671000	 rho_max_sph= 1.78	u_max_sph=24.21	ftotal_max_sph=159301.25

671000	 rho_max_dem=5700.00	u_max_dem= 0.30	ftotal_max_dem= 0.00

672000	 rho_max_sph= 1.78	u_max_sph=24.21	ftotal_max_sph=159301.54

672000	 rho_max_dem=5700.00	u_max_dem= 0.30	ftotal_max_dem= 0.00

673000	 rho_max_sph= 1.78	u_max_sph=24.21	ftotal_max_sph=159299.65

673000	 rho_max_dem=5700.00	u_max_dem= 0.30	ftotal_max_dem= 0.00

674000	 rho_max_sph= 1.78	u_max_sph=24.21	ftotal_max_sph=159298.16

674000	 rho_max_dem=5700.00	u_max_dem= 0.27	ftotal_max_dem= 0.00

675000	 rho_max_sph= 1.78	u_max_sph=24.21	ftotal_max_sph=159301.98

675000	 rho_max_dem=5700.00	u_max_dem= 0.27	ftotal_max_dem= 0.00

676000	 rho_max_sph= 1.78	u_max_sph=24.21	ftotal_max_sph=159298.38

676000	 rho_max_dem=5700.00	u_max_dem= 0.26	ftotal_max_dem= 0.00

677000	 rho_max_sph= 1.78	u_max_sph=24.21	ftotal_max_sph=159293.03

677000	 rho_max_dem=5700.00	u_max_dem= 0.26	ftotal_max_dem= 0.00

678000	 rho_max_sph= 1.78	u_max_sph=24.21	ftotal_max_sph=159292.15

678000	 rho_max_dem=5700.00	u_max_dem= 0.26	ftotal_max_dem= 0.00

679000	 rho_max_sph= 1.78	u_max_sph=24.21	ftotal_max_sph=159285.47

679000	 rho_max_dem=5700.00	u_max_dem= 0.25	ftotal_max_dem= 0.00

680000	 rho_max_sph= 1.78	u_max_sph=24.21	ftotal_max_sph=159281.07

680000	 rho_max_dem=5700.00	u_max_dem= 0.26	ftotal_max_dem= 0.00

save plot...........................
test Particle 4580
time = 0.340000


681000	 rho_max_sph= 1.78	u_max_sph=24.21	ftotal_max_sph=159277.27

681000	 rho_max_dem=5700.00	u_max_dem= 0.26	ftotal_max_dem= 0.00

682000	 rho_max_sph= 1.78	u_max_sph=24.21	ftotal_max_sph=159269.01

682000	 rho_max_dem=5700.00	u_max_dem= 0.26	ftotal_max_dem= 0.00

683000	 rho_max_sph= 1.78	u_max_sph=24.21	ftotal_max_sph=159264.35

683000	 rho_max_dem=5700.00	u_max_dem= 0.25	ftotal_max_dem= 0.00

684000	 rho_max_sph= 1.78	u_max_sph=24.21	ftotal_max_sph=159254.88

684000	 rho_max_dem=5700.00	u_max_dem= 0.25	ftotal_max_dem= 0.00

685000	 rho_max_sph= 1.78	u_max_sph=24.21	ftotal_max_sph=159249.65

685000	 rho_max_dem=5700.00	u_max_dem= 0.23	ftotal_max_dem= 0.00

686000	 rho_max_sph= 1.78	u_max_sph=24.21	ftotal_max_sph=159244.61

686000	 rho_max_dem=5700.00	u_max_dem= 0.23	ftotal_max_dem= 0.00

687000	 rho_max_sph= 1.78	u_max_sph=24.21	ftotal_max_sph=159237.70

687000	 rho_max_dem=5700.00	u_max_dem= 0.23	ftotal_max_dem= 0.00

688000	 rho_max_sph= 1.78	u_max_sph=24.21	ftotal_max_sph=159232.41

688000	 rho_max_dem=5700.00	u_max_dem= 0.23	ftotal_max_dem= 0.00

689000	 rho_max_sph= 1.78	u_max_sph=24.21	ftotal_max_sph=159224.43

689000	 rho_max_dem=5700.00	u_max_dem= 0.23	ftotal_max_dem= 0.00

690000	 rho_max_sph= 1.78	u_max_sph=24.21	ftotal_max_sph=159222.25

690000	 rho_max_dem=5700.00	u_max_dem= 0.22	ftotal_max_dem= 0.00

save plot...........................
test Particle 4580
time = 0.345000


691000	 rho_max_sph= 1.78	u_max_sph=24.21	ftotal_max_sph=159214.03

691000	 rho_max_dem=5700.00	u_max_dem= 0.22	ftotal_max_dem= 0.00

692000	 rho_max_sph= 1.78	u_max_sph=24.21	ftotal_max_sph=159208.95

692000	 rho_max_dem=5700.00	u_max_dem= 0.22	ftotal_max_dem= 0.00

693000	 rho_max_sph= 1.78	u_max_sph=24.21	ftotal_max_sph=159201.68

693000	 rho_max_dem=5700.00	u_max_dem= 0.22	ftotal_max_dem= 0.00

694000	 rho_max_sph= 1.78	u_max_sph=24.21	ftotal_max_sph=159196.54

694000	 rho_max_dem=5700.00	u_max_dem= 0.22	ftotal_max_dem= 0.00

695000	 rho_max_sph= 1.78	u_max_sph=24.21	ftotal_max_sph=159192.60

695000	 rho_max_dem=5700.00	u_max_dem= 0.22	ftotal_max_dem= 0.00

696000	 rho_max_sph= 1.78	u_max_sph=24.21	ftotal_max_sph=159187.27

696000	 rho_max_dem=5700.00	u_max_dem= 0.22	ftotal_max_dem= 0.00

697000	 rho_max_sph= 1.78	u_max_sph=24.21	ftotal_max_sph=159182.28

697000	 rho_max_dem=5700.00	u_max_dem= 0.21	ftotal_max_dem= 0.00

698000	 rho_max_sph= 1.78	u_max_sph=24.21	ftotal_max_sph=159180.21

698000	 rho_max_dem=5700.00	u_max_dem= 0.21	ftotal_max_dem= 0.00

699000	 rho_max_sph= 1.78	u_max_sph=24.21	ftotal_max_sph=159176.92

699000	 rho_max_dem=5700.00	u_max_dem= 0.21	ftotal_max_dem= 0.00

700000	 rho_max_sph= 1.78	u_max_sph=24.21	ftotal_max_sph=159172.18

700000	 rho_max_dem=5700.00	u_max_dem= 0.22	ftotal_max_dem= 0.00

save plot...........................
test Particle 4580
time = 0.350000


701000	 rho_max_sph= 1.78	u_max_sph=24.21	ftotal_max_sph=159167.99

701000	 rho_max_dem=5700.00	u_max_dem= 0.22	ftotal_max_dem= 0.00

702000	 rho_max_sph= 1.78	u_max_sph=24.21	ftotal_max_sph=159165.86

702000	 rho_max_dem=5700.00	u_max_dem= 0.22	ftotal_max_dem= 0.00

703000	 rho_max_sph= 1.78	u_max_sph=24.21	ftotal_max_sph=159159.92

703000	 rho_max_dem=5700.00	u_max_dem= 0.22	ftotal_max_dem= 0.00

704000	 rho_max_sph= 1.78	u_max_sph=24.21	ftotal_max_sph=159159.17

704000	 rho_max_dem=5700.00	u_max_dem= 0.22	ftotal_max_dem= 0.00

705000	 rho_max_sph= 1.78	u_max_sph=24.21	ftotal_max_sph=159152.97

705000	 rho_max_dem=5700.00	u_max_dem= 0.22	ftotal_max_dem= 0.00

706000	 rho_max_sph= 1.78	u_max_sph=24.21	ftotal_max_sph=159154.74

706000	 rho_max_dem=5700.00	u_max_dem= 0.21	ftotal_max_dem= 0.00

707000	 rho_max_sph= 1.78	u_max_sph=24.21	ftotal_max_sph=159152.82

707000	 rho_max_dem=5700.00	u_max_dem= 0.20	ftotal_max_dem= 0.00

708000	 rho_max_sph= 1.78	u_max_sph=24.21	ftotal_max_sph=159145.68

708000	 rho_max_dem=5700.00	u_max_dem= 0.20	ftotal_max_dem= 0.00

709000	 rho_max_sph= 1.78	u_max_sph=24.21	ftotal_max_sph=159145.96

709000	 rho_max_dem=5700.00	u_max_dem= 0.20	ftotal_max_dem= 0.00

710000	 rho_max_sph= 1.78	u_max_sph=24.21	ftotal_max_sph=159140.80

710000	 rho_max_dem=5700.00	u_max_dem= 0.20	ftotal_max_dem= 0.00

save plot...........................
test Particle 4580
time = 0.355000


711000	 rho_max_sph= 1.78	u_max_sph=24.21	ftotal_max_sph=159140.93

711000	 rho_max_dem=5700.00	u_max_dem= 0.20	ftotal_max_dem= 0.00

712000	 rho_max_sph= 1.78	u_max_sph=24.21	ftotal_max_sph=159138.19

712000	 rho_max_dem=5700.00	u_max_dem= 0.20	ftotal_max_dem= 0.00

713000	 rho_max_sph= 1.78	u_max_sph=24.21	ftotal_max_sph=159138.83

713000	 rho_max_dem=5700.00	u_max_dem= 0.19	ftotal_max_dem= 0.00

714000	 rho_max_sph= 1.78	u_max_sph=24.21	ftotal_max_sph=159135.41

714000	 rho_max_dem=5700.00	u_max_dem= 0.19	ftotal_max_dem= 0.00

715000	 rho_max_sph= 1.78	u_max_sph=24.21	ftotal_max_sph=159134.22

715000	 rho_max_dem=5700.00	u_max_dem= 0.19	ftotal_max_dem= 0.00

716000	 rho_max_sph= 1.78	u_max_sph=24.21	ftotal_max_sph=159130.62

716000	 rho_max_dem=5700.00	u_max_dem= 0.19	ftotal_max_dem= 0.00

717000	 rho_max_sph= 1.78	u_max_sph=24.21	ftotal_max_sph=159128.13

717000	 rho_max_dem=5700.00	u_max_dem= 0.19	ftotal_max_dem= 0.00

718000	 rho_max_sph= 1.78	u_max_sph=24.21	ftotal_max_sph=159128.52

718000	 rho_max_dem=5700.00	u_max_dem= 0.19	ftotal_max_dem= 0.00

719000	 rho_max_sph= 1.78	u_max_sph=24.21	ftotal_max_sph=159123.73

719000	 rho_max_dem=5700.00	u_max_dem= 0.18	ftotal_max_dem= 0.00

720000	 rho_max_sph= 1.78	u_max_sph=24.21	ftotal_max_sph=159122.34

720000	 rho_max_dem=5700.00	u_max_dem= 0.18	ftotal_max_dem= 0.00

save plot...........................
test Particle 4580
time = 0.360000


721000	 rho_max_sph= 1.78	u_max_sph=24.21	ftotal_max_sph=159118.75

721000	 rho_max_dem=5700.00	u_max_dem= 0.18	ftotal_max_dem= 0.00

722000	 rho_max_sph= 1.78	u_max_sph=24.21	ftotal_max_sph=159119.58

722000	 rho_max_dem=5700.00	u_max_dem= 0.18	ftotal_max_dem= 0.00

723000	 rho_max_sph= 1.78	u_max_sph=24.21	ftotal_max_sph=159116.08

723000	 rho_max_dem=5700.00	u_max_dem= 0.18	ftotal_max_dem= 0.00

724000	 rho_max_sph= 1.78	u_max_sph=24.21	ftotal_max_sph=159115.23

724000	 rho_max_dem=5700.00	u_max_dem= 0.18	ftotal_max_dem= 0.00

725000	 rho_max_sph= 1.78	u_max_sph=24.21	ftotal_max_sph=159114.86

725000	 rho_max_dem=5700.00	u_max_dem= 0.17	ftotal_max_dem= 0.00

726000	 rho_max_sph= 1.78	u_max_sph=24.21	ftotal_max_sph=159115.55

726000	 rho_max_dem=5700.00	u_max_dem= 0.17	ftotal_max_dem= 0.00

727000	 rho_max_sph= 1.78	u_max_sph=24.21	ftotal_max_sph=159115.32

727000	 rho_max_dem=5700.00	u_max_dem= 0.16	ftotal_max_dem= 0.00

728000	 rho_max_sph= 1.78	u_max_sph=24.21	ftotal_max_sph=159114.24

728000	 rho_max_dem=5700.00	u_max_dem= 0.16	ftotal_max_dem= 0.00

729000	 rho_max_sph= 1.78	u_max_sph=24.21	ftotal_max_sph=159111.49

729000	 rho_max_dem=5700.00	u_max_dem= 0.16	ftotal_max_dem= 0.00

730000	 rho_max_sph= 1.78	u_max_sph=24.21	ftotal_max_sph=159110.72

730000	 rho_max_dem=5700.00	u_max_dem= 0.16	ftotal_max_dem= 0.00

save plot...........................
test Particle 4580
time = 0.365000


731000	 rho_max_sph= 1.78	u_max_sph=24.21	ftotal_max_sph=159107.93

731000	 rho_max_dem=5700.00	u_max_dem= 0.15	ftotal_max_dem= 0.00

732000	 rho_max_sph= 1.78	u_max_sph=24.21	ftotal_max_sph=159106.35

732000	 rho_max_dem=5700.00	u_max_dem= 0.15	ftotal_max_dem= 0.00

733000	 rho_max_sph= 1.78	u_max_sph=24.21	ftotal_max_sph=159105.33

733000	 rho_max_dem=5700.00	u_max_dem= 0.15	ftotal_max_dem= 0.00

734000	 rho_max_sph= 1.78	u_max_sph=24.21	ftotal_max_sph=159102.71

734000	 rho_max_dem=5700.00	u_max_dem= 0.16	ftotal_max_dem= 0.00

735000	 rho_max_sph= 1.78	u_max_sph=24.21	ftotal_max_sph=159098.89

735000	 rho_max_dem=5700.00	u_max_dem= 0.16	ftotal_max_dem= 0.00

736000	 rho_max_sph= 1.78	u_max_sph=24.21	ftotal_max_sph=159093.66

736000	 rho_max_dem=5700.00	u_max_dem= 0.16	ftotal_max_dem= 0.00

737000	 rho_max_sph= 1.78	u_max_sph=24.21	ftotal_max_sph=159093.57

737000	 rho_max_dem=5700.00	u_max_dem= 0.16	ftotal_max_dem= 0.00

738000	 rho_max_sph= 1.78	u_max_sph=24.21	ftotal_max_sph=159089.02

738000	 rho_max_dem=5700.00	u_max_dem= 0.16	ftotal_max_dem= 0.00

739000	 rho_max_sph= 1.78	u_max_sph=24.21	ftotal_max_sph=159086.68

739000	 rho_max_dem=5700.00	u_max_dem= 0.17	ftotal_max_dem= 0.00

740000	 rho_max_sph= 1.78	u_max_sph=24.21	ftotal_max_sph=159086.43

740000	 rho_max_dem=5700.00	u_max_dem= 0.17	ftotal_max_dem= 0.00

save plot...........................
test Particle 4580
time = 0.370000


741000	 rho_max_sph= 1.78	u_max_sph=24.21	ftotal_max_sph=159084.02

741000	 rho_max_dem=5700.00	u_max_dem= 0.17	ftotal_max_dem= 0.00

742000	 rho_max_sph= 1.78	u_max_sph=24.21	ftotal_max_sph=159082.60

742000	 rho_max_dem=5700.00	u_max_dem= 0.17	ftotal_max_dem= 0.00

743000	 rho_max_sph= 1.78	u_max_sph=24.21	ftotal_max_sph=159076.98

743000	 rho_max_dem=5700.00	u_max_dem= 0.18	ftotal_max_dem= 0.00

744000	 rho_max_sph= 1.78	u_max_sph=24.21	ftotal_max_sph=159076.82

744000	 rho_max_dem=5700.00	u_max_dem= 0.18	ftotal_max_dem= 0.00

745000	 rho_max_sph= 1.78	u_max_sph=24.21	ftotal_max_sph=159071.03

745000	 rho_max_dem=5700.00	u_max_dem= 0.18	ftotal_max_dem= 0.00

746000	 rho_max_sph= 1.78	u_max_sph=24.21	ftotal_max_sph=159066.16

746000	 rho_max_dem=5700.00	u_max_dem= 0.18	ftotal_max_dem= 0.00

747000	 rho_max_sph= 1.78	u_max_sph=24.21	ftotal_max_sph=159056.17

747000	 rho_max_dem=5700.00	u_max_dem= 0.18	ftotal_max_dem= 0.00

748000	 rho_max_sph= 1.78	u_max_sph=24.21	ftotal_max_sph=159049.33

748000	 rho_max_dem=5700.00	u_max_dem= 0.19	ftotal_max_dem= 0.00

749000	 rho_max_sph= 1.78	u_max_sph=24.21	ftotal_max_sph=159041.03

749000	 rho_max_dem=5700.00	u_max_dem= 0.19	ftotal_max_dem= 0.00

750000	 rho_max_sph= 1.78	u_max_sph=24.21	ftotal_max_sph=159034.44

750000	 rho_max_dem=5700.00	u_max_dem= 0.19	ftotal_max_dem= 0.00

save plot...........................
test Particle 4580
time = 0.375000


751000	 rho_max_sph= 1.78	u_max_sph=24.21	ftotal_max_sph=159028.25

751000	 rho_max_dem=5700.00	u_max_dem= 0.19	ftotal_max_dem= 0.00

752000	 rho_max_sph= 1.78	u_max_sph=24.21	ftotal_max_sph=159018.33

752000	 rho_max_dem=5700.00	u_max_dem= 0.19	ftotal_max_dem= 0.00

753000	 rho_max_sph= 1.78	u_max_sph=24.21	ftotal_max_sph=159005.74

753000	 rho_max_dem=5700.00	u_max_dem= 0.19	ftotal_max_dem= 0.00

754000	 rho_max_sph= 1.78	u_max_sph=24.21	ftotal_max_sph=158998.43

754000	 rho_max_dem=5700.00	u_max_dem= 0.19	ftotal_max_dem= 0.00

755000	 rho_max_sph= 1.78	u_max_sph=24.21	ftotal_max_sph=158983.94

755000	 rho_max_dem=5700.00	u_max_dem= 0.19	ftotal_max_dem= 0.00

756000	 rho_max_sph= 1.78	u_max_sph=24.21	ftotal_max_sph=158968.87

756000	 rho_max_dem=5700.00	u_max_dem= 0.19	ftotal_max_dem= 0.00

757000	 rho_max_sph= 1.78	u_max_sph=24.21	ftotal_max_sph=158956.24

757000	 rho_max_dem=5700.00	u_max_dem= 0.19	ftotal_max_dem= 0.00

758000	 rho_max_sph= 1.78	u_max_sph=24.21	ftotal_max_sph=158936.04

758000	 rho_max_dem=5700.00	u_max_dem= 0.19	ftotal_max_dem= 0.00

759000	 rho_max_sph= 1.78	u_max_sph=24.21	ftotal_max_sph=158916.75

759000	 rho_max_dem=5700.00	u_max_dem= 0.19	ftotal_max_dem= 0.00

760000	 rho_max_sph= 1.78	u_max_sph=24.21	ftotal_max_sph=158896.19

760000	 rho_max_dem=5700.00	u_max_dem= 0.19	ftotal_max_dem= 0.00

save plot...........................
test Particle 4580
time = 0.380000


761000	 rho_max_sph= 1.78	u_max_sph=24.21	ftotal_max_sph=158873.22

761000	 rho_max_dem=5700.00	u_max_dem= 0.19	ftotal_max_dem= 0.00

762000	 rho_max_sph= 1.78	u_max_sph=24.21	ftotal_max_sph=158844.45

762000	 rho_max_dem=5700.00	u_max_dem= 0.19	ftotal_max_dem= 0.00

763000	 rho_max_sph= 1.78	u_max_sph=24.21	ftotal_max_sph=158823.68

763000	 rho_max_dem=5700.00	u_max_dem= 0.19	ftotal_max_dem= 0.00

764000	 rho_max_sph= 1.78	u_max_sph=24.21	ftotal_max_sph=158804.84

764000	 rho_max_dem=5700.00	u_max_dem= 0.19	ftotal_max_dem= 0.00

765000	 rho_max_sph= 1.78	u_max_sph=24.21	ftotal_max_sph=158782.33

765000	 rho_max_dem=5700.00	u_max_dem= 0.19	ftotal_max_dem= 0.00

766000	 rho_max_sph= 1.78	u_max_sph=24.21	ftotal_max_sph=158754.53

766000	 rho_max_dem=5700.00	u_max_dem= 0.19	ftotal_max_dem= 0.00

767000	 rho_max_sph= 1.78	u_max_sph=24.21	ftotal_max_sph=158722.37

767000	 rho_max_dem=5700.00	u_max_dem= 0.19	ftotal_max_dem= 0.00

768000	 rho_max_sph= 1.78	u_max_sph=24.21	ftotal_max_sph=158693.25

768000	 rho_max_dem=5700.00	u_max_dem= 0.21	ftotal_max_dem= 0.00

769000	 rho_max_sph= 1.78	u_max_sph=24.21	ftotal_max_sph=158660.00

769000	 rho_max_dem=5700.00	u_max_dem= 0.21	ftotal_max_dem= 0.00

770000	 rho_max_sph= 1.78	u_max_sph=24.21	ftotal_max_sph=158633.07

770000	 rho_max_dem=5700.00	u_max_dem= 0.21	ftotal_max_dem= 0.00

save plot...........................
test Particle 4580
time = 0.385000


771000	 rho_max_sph= 1.78	u_max_sph=24.21	ftotal_max_sph=158591.45

771000	 rho_max_dem=5700.00	u_max_dem= 0.21	ftotal_max_dem= 0.00

772000	 rho_max_sph= 1.78	u_max_sph=24.21	ftotal_max_sph=158546.01

772000	 rho_max_dem=5700.00	u_max_dem= 0.20	ftotal_max_dem= 0.00

773000	 rho_max_sph= 1.78	u_max_sph=24.21	ftotal_max_sph=158496.57

773000	 rho_max_dem=5700.00	u_max_dem= 0.20	ftotal_max_dem= 0.00

774000	 rho_max_sph= 1.78	u_max_sph=24.21	ftotal_max_sph=158429.04

774000	 rho_max_dem=5700.00	u_max_dem= 0.23	ftotal_max_dem= 0.00

775000	 rho_max_sph= 1.78	u_max_sph=24.21	ftotal_max_sph=158356.46

775000	 rho_max_dem=5700.00	u_max_dem= 0.22	ftotal_max_dem= 0.00

776000	 rho_max_sph= 1.78	u_max_sph=24.21	ftotal_max_sph=158279.55

776000	 rho_max_dem=5700.00	u_max_dem= 0.22	ftotal_max_dem= 0.00

777000	 rho_max_sph= 1.78	u_max_sph=24.21	ftotal_max_sph=158198.71

777000	 rho_max_dem=5700.00	u_max_dem= 0.22	ftotal_max_dem= 0.00

778000	 rho_max_sph= 1.78	u_max_sph=24.21	ftotal_max_sph=158115.60

778000	 rho_max_dem=5700.00	u_max_dem= 0.22	ftotal_max_dem= 0.00

779000	 rho_max_sph= 1.78	u_max_sph=24.21	ftotal_max_sph=158028.78

779000	 rho_max_dem=5700.00	u_max_dem= 0.22	ftotal_max_dem= 0.00

780000	 rho_max_sph= 1.78	u_max_sph=24.21	ftotal_max_sph=157926.06

780000	 rho_max_dem=5700.00	u_max_dem= 0.22	ftotal_max_dem= 0.00

save plot...........................
test Particle 4580
time = 0.390000


781000	 rho_max_sph= 1.78	u_max_sph=24.21	ftotal_max_sph=157814.63

781000	 rho_max_dem=5700.00	u_max_dem= 0.22	ftotal_max_dem= 0.00

782000	 rho_max_sph= 1.78	u_max_sph=24.21	ftotal_max_sph=157694.02

782000	 rho_max_dem=5700.00	u_max_dem= 0.22	ftotal_max_dem= 0.00

783000	 rho_max_sph= 1.78	u_max_sph=24.21	ftotal_max_sph=157561.95

783000	 rho_max_dem=5700.00	u_max_dem= 0.22	ftotal_max_dem= 0.00

784000	 rho_max_sph= 1.78	u_max_sph=24.21	ftotal_max_sph=157427.15

784000	 rho_max_dem=5700.00	u_max_dem= 0.22	ftotal_max_dem= 0.00

785000	 rho_max_sph= 1.78	u_max_sph=24.21	ftotal_max_sph=157294.53

785000	 rho_max_dem=5700.00	u_max_dem= 0.23	ftotal_max_dem= 0.00

786000	 rho_max_sph= 1.78	u_max_sph=24.21	ftotal_max_sph=157155.85

786000	 rho_max_dem=5700.00	u_max_dem= 0.23	ftotal_max_dem= 0.00

787000	 rho_max_sph= 1.78	u_max_sph=24.21	ftotal_max_sph=157007.49

787000	 rho_max_dem=5700.00	u_max_dem= 0.22	ftotal_max_dem= 0.00

788000	 rho_max_sph= 1.78	u_max_sph=24.21	ftotal_max_sph=156869.66

788000	 rho_max_dem=5700.00	u_max_dem= 0.22	ftotal_max_dem= 0.00

789000	 rho_max_sph= 1.78	u_max_sph=24.21	ftotal_max_sph=156728.21

789000	 rho_max_dem=5700.00	u_max_dem= 0.22	ftotal_max_dem= 0.00

790000	 rho_max_sph= 1.78	u_max_sph=24.21	ftotal_max_sph=156576.73

790000	 rho_max_dem=5700.00	u_max_dem= 0.22	ftotal_max_dem= 0.00

save plot...........................
test Particle 4580
time = 0.395000


791000	 rho_max_sph= 1.78	u_max_sph=24.21	ftotal_max_sph=156424.41

791000	 rho_max_dem=5700.00	u_max_dem= 0.22	ftotal_max_dem= 0.00

792000	 rho_max_sph= 1.78	u_max_sph=24.21	ftotal_max_sph=156272.91

792000	 rho_max_dem=5700.00	u_max_dem= 0.22	ftotal_max_dem= 0.00

793000	 rho_max_sph= 1.78	u_max_sph=24.21	ftotal_max_sph=156096.95

793000	 rho_max_dem=5700.00	u_max_dem= 0.22	ftotal_max_dem= 0.00

794000	 rho_max_sph= 1.78	u_max_sph=24.21	ftotal_max_sph=155931.69

794000	 rho_max_dem=5700.00	u_max_dem= 0.22	ftotal_max_dem= 0.00

795000	 rho_max_sph= 1.78	u_max_sph=24.21	ftotal_max_sph=155772.81

795000	 rho_max_dem=5700.00	u_max_dem= 0.22	ftotal_max_dem= 0.00

796000	 rho_max_sph= 1.78	u_max_sph=24.21	ftotal_max_sph=155646.74

796000	 rho_max_dem=5700.00	u_max_dem= 0.22	ftotal_max_dem= 0.00

797000	 rho_max_sph= 1.78	u_max_sph=24.21	ftotal_max_sph=155493.61

797000	 rho_max_dem=5700.00	u_max_dem= 0.24	ftotal_max_dem= 0.00

798000	 rho_max_sph= 1.78	u_max_sph=24.21	ftotal_max_sph=155370.33

798000	 rho_max_dem=5700.00	u_max_dem= 0.23	ftotal_max_dem= 0.00

799000	 rho_max_sph= 1.78	u_max_sph=24.21	ftotal_max_sph=155249.91

799000	 rho_max_dem=5700.00	u_max_dem= 0.23	ftotal_max_dem= 0.00

800000	 rho_max_sph= 1.78	u_max_sph=24.21	ftotal_max_sph=155124.16

800000	 rho_max_dem=5700.00	u_max_dem= 0.24	ftotal_max_dem= 0.00

save plot...........................
test Particle 4580
time = 0.400000


801000	 rho_max_sph= 1.78	u_max_sph=24.21	ftotal_max_sph=155016.96

801000	 rho_max_dem=5700.00	u_max_dem= 0.26	ftotal_max_dem= 0.00

802000	 rho_max_sph= 1.78	u_max_sph=24.21	ftotal_max_sph=154911.25

802000	 rho_max_dem=5700.00	u_max_dem= 0.27	ftotal_max_dem= 0.00

803000	 rho_max_sph= 1.78	u_max_sph=24.21	ftotal_max_sph=154840.48

803000	 rho_max_dem=5700.00	u_max_dem= 0.29	ftotal_max_dem= 0.00

804000	 rho_max_sph= 1.78	u_max_sph=24.21	ftotal_max_sph=154776.92

804000	 rho_max_dem=5700.00	u_max_dem= 0.30	ftotal_max_dem= 0.00

805000	 rho_max_sph= 1.78	u_max_sph=24.21	ftotal_max_sph=154741.09

805000	 rho_max_dem=5700.00	u_max_dem= 0.32	ftotal_max_dem= 0.00

806000	 rho_max_sph= 1.78	u_max_sph=24.21	ftotal_max_sph=154753.64

806000	 rho_max_dem=5700.00	u_max_dem= 0.33	ftotal_max_dem= 0.00

807000	 rho_max_sph= 1.78	u_max_sph=24.21	ftotal_max_sph=154816.93

807000	 rho_max_dem=5700.00	u_max_dem= 0.35	ftotal_max_dem= 0.00

808000	 rho_max_sph= 1.78	u_max_sph=24.21	ftotal_max_sph=154931.23

808000	 rho_max_dem=5700.00	u_max_dem= 0.36	ftotal_max_dem= 0.00

809000	 rho_max_sph= 1.78	u_max_sph=24.21	ftotal_max_sph=155051.57

809000	 rho_max_dem=5700.00	u_max_dem= 0.37	ftotal_max_dem= 0.00

810000	 rho_max_sph= 1.78	u_max_sph=24.21	ftotal_max_sph=155167.57

810000	 rho_max_dem=5700.00	u_max_dem= 0.38	ftotal_max_dem= 0.00

save plot...........................
test Particle 4580
time = 0.405000


811000	 rho_max_sph= 1.78	u_max_sph=24.21	ftotal_max_sph=155294.72

811000	 rho_max_dem=5700.00	u_max_dem= 0.39	ftotal_max_dem= 0.00

812000	 rho_max_sph= 1.78	u_max_sph=24.21	ftotal_max_sph=155430.71

812000	 rho_max_dem=5700.00	u_max_dem= 0.41	ftotal_max_dem= 0.00

813000	 rho_max_sph= 1.78	u_max_sph=24.21	ftotal_max_sph=155584.29

813000	 rho_max_dem=5700.00	u_max_dem= 0.38	ftotal_max_dem= 0.00

814000	 rho_max_sph= 1.78	u_max_sph=24.21	ftotal_max_sph=155719.52

814000	 rho_max_dem=5700.00	u_max_dem= 0.40	ftotal_max_dem= 0.00

815000	 rho_max_sph= 1.78	u_max_sph=24.21	ftotal_max_sph=155875.90

815000	 rho_max_dem=5700.00	u_max_dem= 0.41	ftotal_max_dem= 0.00

816000	 rho_max_sph= 1.78	u_max_sph=24.21	ftotal_max_sph=156037.73

816000	 rho_max_dem=5700.00	u_max_dem= 0.43	ftotal_max_dem= 0.00

817000	 rho_max_sph= 1.78	u_max_sph=24.21	ftotal_max_sph=156197.89

817000	 rho_max_dem=5700.00	u_max_dem= 0.44	ftotal_max_dem= 0.00

818000	 rho_max_sph= 1.78	u_max_sph=24.21	ftotal_max_sph=156378.94

818000	 rho_max_dem=5700.00	u_max_dem= 0.46	ftotal_max_dem= 0.00

819000	 rho_max_sph= 1.78	u_max_sph=24.21	ftotal_max_sph=156573.44

819000	 rho_max_dem=5700.00	u_max_dem= 0.41	ftotal_max_dem= 0.00

820000	 rho_max_sph= 1.78	u_max_sph=24.21	ftotal_max_sph=156767.80

820000	 rho_max_dem=5700.00	u_max_dem= 0.42	ftotal_max_dem= 0.00

save plot...........................
test Particle 4580
time = 0.410000


821000	 rho_max_sph= 1.78	u_max_sph=24.21	ftotal_max_sph=156941.38

821000	 rho_max_dem=5700.00	u_max_dem= 0.36	ftotal_max_dem= 0.00

822000	 rho_max_sph= 1.78	u_max_sph=24.21	ftotal_max_sph=157086.49

822000	 rho_max_dem=5700.00	u_max_dem= 0.42	ftotal_max_dem= 0.00

823000	 rho_max_sph= 1.78	u_max_sph=24.21	ftotal_max_sph=157218.56

823000	 rho_max_dem=5700.00	u_max_dem= 0.43	ftotal_max_dem= 0.00

824000	 rho_max_sph= 1.78	u_max_sph=24.21	ftotal_max_sph=157357.07

824000	 rho_max_dem=5700.00	u_max_dem= 0.44	ftotal_max_dem= 0.00

825000	 rho_max_sph= 1.78	u_max_sph=24.21	ftotal_max_sph=157493.96

825000	 rho_max_dem=5700.00	u_max_dem= 0.45	ftotal_max_dem= 0.00

826000	 rho_max_sph= 1.78	u_max_sph=24.21	ftotal_max_sph=157646.25

826000	 rho_max_dem=5700.00	u_max_dem= 0.45	ftotal_max_dem= 0.00

827000	 rho_max_sph= 1.78	u_max_sph=24.21	ftotal_max_sph=157777.86

827000	 rho_max_dem=5700.00	u_max_dem= 0.45	ftotal_max_dem= 0.00

828000	 rho_max_sph= 1.78	u_max_sph=24.21	ftotal_max_sph=157913.89

828000	 rho_max_dem=5700.00	u_max_dem= 0.45	ftotal_max_dem= 0.00

829000	 rho_max_sph= 1.78	u_max_sph=24.21	ftotal_max_sph=158041.15

829000	 rho_max_dem=5700.00	u_max_dem= 0.45	ftotal_max_dem= 0.00

830000	 rho_max_sph= 1.78	u_max_sph=24.21	ftotal_max_sph=158143.80

830000	 rho_max_dem=5700.00	u_max_dem= 0.45	ftotal_max_dem= 0.00

save plot...........................
test Particle 4580
time = 0.415000


831000	 rho_max_sph= 1.78	u_max_sph=24.21	ftotal_max_sph=158225.54

831000	 rho_max_dem=5700.00	u_max_dem= 0.39	ftotal_max_dem= 0.00

832000	 rho_max_sph= 1.78	u_max_sph=24.21	ftotal_max_sph=158300.79

832000	 rho_max_dem=5700.00	u_max_dem= 0.38	ftotal_max_dem= 0.00

833000	 rho_max_sph= 1.78	u_max_sph=24.21	ftotal_max_sph=158372.15

833000	 rho_max_dem=5700.00	u_max_dem= 0.38	ftotal_max_dem= 0.00

834000	 rho_max_sph= 1.78	u_max_sph=24.21	ftotal_max_sph=158447.94

834000	 rho_max_dem=5700.00	u_max_dem= 0.38	ftotal_max_dem= 0.00

835000	 rho_max_sph= 1.78	u_max_sph=24.21	ftotal_max_sph=158507.93

835000	 rho_max_dem=5700.00	u_max_dem= 0.36	ftotal_max_dem= 0.00

836000	 rho_max_sph= 1.78	u_max_sph=24.21	ftotal_max_sph=158570.72

836000	 rho_max_dem=5700.00	u_max_dem= 0.36	ftotal_max_dem= 0.00

837000	 rho_max_sph= 1.78	u_max_sph=24.21	ftotal_max_sph=158617.65

837000	 rho_max_dem=5700.00	u_max_dem= 0.36	ftotal_max_dem= 0.00

838000	 rho_max_sph= 1.78	u_max_sph=24.21	ftotal_max_sph=158657.36

838000	 rho_max_dem=5700.00	u_max_dem= 0.37	ftotal_max_dem= 0.00

839000	 rho_max_sph= 1.78	u_max_sph=24.21	ftotal_max_sph=158691.37

839000	 rho_max_dem=5700.00	u_max_dem= 0.37	ftotal_max_dem= 0.00

840000	 rho_max_sph= 1.78	u_max_sph=24.21	ftotal_max_sph=158721.69

840000	 rho_max_dem=5700.00	u_max_dem= 0.37	ftotal_max_dem= 0.00

save plot...........................
test Particle 4580
time = 0.420000


841000	 rho_max_sph= 1.78	u_max_sph=24.21	ftotal_max_sph=158746.95

841000	 rho_max_dem=5700.00	u_max_dem= 0.38	ftotal_max_dem= 0.00

842000	 rho_max_sph= 1.78	u_max_sph=24.21	ftotal_max_sph=158774.62

842000	 rho_max_dem=5700.00	u_max_dem= 0.36	ftotal_max_dem= 0.00

843000	 rho_max_sph= 1.78	u_max_sph=24.21	ftotal_max_sph=158801.06

843000	 rho_max_dem=5700.00	u_max_dem= 0.34	ftotal_max_dem= 0.00

844000	 rho_max_sph= 1.78	u_max_sph=24.21	ftotal_max_sph=158822.39

844000	 rho_max_dem=5700.00	u_max_dem= 0.34	ftotal_max_dem= 0.00

845000	 rho_max_sph= 1.78	u_max_sph=24.21	ftotal_max_sph=158843.60

845000	 rho_max_dem=5700.00	u_max_dem= 0.33	ftotal_max_dem= 0.00

846000	 rho_max_sph= 1.78	u_max_sph=24.21	ftotal_max_sph=158862.37

846000	 rho_max_dem=5700.00	u_max_dem= 0.33	ftotal_max_dem= 0.00

847000	 rho_max_sph= 1.78	u_max_sph=24.21	ftotal_max_sph=158880.88

847000	 rho_max_dem=5700.00	u_max_dem= 0.33	ftotal_max_dem= 0.00

848000	 rho_max_sph= 1.78	u_max_sph=24.21	ftotal_max_sph=158896.72

848000	 rho_max_dem=5700.00	u_max_dem= 0.33	ftotal_max_dem= 0.00

849000	 rho_max_sph= 1.78	u_max_sph=24.21	ftotal_max_sph=158911.29

849000	 rho_max_dem=5700.00	u_max_dem= 0.34	ftotal_max_dem= 0.00

850000	 rho_max_sph= 1.78	u_max_sph=24.21	ftotal_max_sph=158927.64

850000	 rho_max_dem=5700.00	u_max_dem= 0.34	ftotal_max_dem= 0.00

save plot...........................
test Particle 4580
time = 0.425000


851000	 rho_max_sph= 1.78	u_max_sph=24.21	ftotal_max_sph=158942.62

851000	 rho_max_dem=5700.00	u_max_dem= 0.31	ftotal_max_dem= 0.00

852000	 rho_max_sph= 1.78	u_max_sph=24.21	ftotal_max_sph=158958.54

852000	 rho_max_dem=5700.00	u_max_dem= 0.31	ftotal_max_dem= 0.00

853000	 rho_max_sph= 1.78	u_max_sph=24.21	ftotal_max_sph=158973.71

853000	 rho_max_dem=5700.00	u_max_dem= 0.32	ftotal_max_dem= 0.00

854000	 rho_max_sph= 1.78	u_max_sph=24.21	ftotal_max_sph=158987.72

854000	 rho_max_dem=5700.00	u_max_dem= 0.32	ftotal_max_dem= 0.00

855000	 rho_max_sph= 1.78	u_max_sph=24.21	ftotal_max_sph=158999.66

855000	 rho_max_dem=5700.00	u_max_dem= 0.33	ftotal_max_dem= 0.00

856000	 rho_max_sph= 1.78	u_max_sph=24.21	ftotal_max_sph=159005.60

856000	 rho_max_dem=5700.00	u_max_dem= 0.32	ftotal_max_dem= 0.00

857000	 rho_max_sph= 1.78	u_max_sph=24.21	ftotal_max_sph=159017.78

857000	 rho_max_dem=5700.00	u_max_dem= 0.33	ftotal_max_dem= 0.00

858000	 rho_max_sph= 1.78	u_max_sph=24.21	ftotal_max_sph=159021.45

858000	 rho_max_dem=5700.00	u_max_dem= 0.32	ftotal_max_dem= 0.00

859000	 rho_max_sph= 1.78	u_max_sph=24.21	ftotal_max_sph=159023.90

859000	 rho_max_dem=5700.00	u_max_dem= 0.33	ftotal_max_dem= 0.00

860000	 rho_max_sph= 1.78	u_max_sph=24.21	ftotal_max_sph=159026.49

860000	 rho_max_dem=5700.00	u_max_dem= 0.31	ftotal_max_dem= 0.00

save plot...........................
test Particle 4580
time = 0.430000


861000	 rho_max_sph= 1.78	u_max_sph=24.21	ftotal_max_sph=159025.69

861000	 rho_max_dem=5700.00	u_max_dem= 0.31	ftotal_max_dem= 0.00

862000	 rho_max_sph= 1.78	u_max_sph=24.21	ftotal_max_sph=159031.65

862000	 rho_max_dem=5700.00	u_max_dem= 0.31	ftotal_max_dem= 0.00

863000	 rho_max_sph= 1.78	u_max_sph=24.21	ftotal_max_sph=159030.33

863000	 rho_max_dem=5700.00	u_max_dem= 0.31	ftotal_max_dem= 0.00

864000	 rho_max_sph= 1.78	u_max_sph=24.21	ftotal_max_sph=159032.60

864000	 rho_max_dem=5700.00	u_max_dem= 0.29	ftotal_max_dem= 0.00

865000	 rho_max_sph= 1.78	u_max_sph=24.21	ftotal_max_sph=159032.26

865000	 rho_max_dem=5700.00	u_max_dem= 0.29	ftotal_max_dem= 0.00

866000	 rho_max_sph= 1.78	u_max_sph=24.21	ftotal_max_sph=159032.16

866000	 rho_max_dem=5700.00	u_max_dem= 0.30	ftotal_max_dem= 0.00

867000	 rho_max_sph= 1.78	u_max_sph=24.21	ftotal_max_sph=159031.73

867000	 rho_max_dem=5700.00	u_max_dem= 0.30	ftotal_max_dem= 0.00

868000	 rho_max_sph= 1.78	u_max_sph=24.21	ftotal_max_sph=159031.33

868000	 rho_max_dem=5700.00	u_max_dem= 0.28	ftotal_max_dem= 0.00

869000	 rho_max_sph= 1.78	u_max_sph=24.21	ftotal_max_sph=159029.86

869000	 rho_max_dem=5700.00	u_max_dem= 0.28	ftotal_max_dem= 0.00

870000	 rho_max_sph= 1.78	u_max_sph=24.21	ftotal_max_sph=159028.91

870000	 rho_max_dem=5700.00	u_max_dem= 0.28	ftotal_max_dem= 0.00

save plot...........................
test Particle 4580
time = 0.435000


871000	 rho_max_sph= 1.78	u_max_sph=24.21	ftotal_max_sph=159029.86

871000	 rho_max_dem=5700.00	u_max_dem= 0.31	ftotal_max_dem= 0.00

872000	 rho_max_sph= 1.78	u_max_sph=24.21	ftotal_max_sph=159027.12

872000	 rho_max_dem=5700.00	u_max_dem= 0.30	ftotal_max_dem= 0.00

873000	 rho_max_sph= 1.78	u_max_sph=24.21	ftotal_max_sph=159026.76

873000	 rho_max_dem=5700.00	u_max_dem= 0.30	ftotal_max_dem= 0.00

874000	 rho_max_sph= 1.78	u_max_sph=24.21	ftotal_max_sph=159025.48

874000	 rho_max_dem=5700.00	u_max_dem= 0.28	ftotal_max_dem= 0.00

875000	 rho_max_sph= 1.78	u_max_sph=24.21	ftotal_max_sph=159023.19

875000	 rho_max_dem=5700.00	u_max_dem= 0.28	ftotal_max_dem= 0.00

876000	 rho_max_sph= 1.78	u_max_sph=24.21	ftotal_max_sph=159021.41

876000	 rho_max_dem=5700.00	u_max_dem= 0.28	ftotal_max_dem= 0.00

877000	 rho_max_sph= 1.78	u_max_sph=24.21	ftotal_max_sph=159019.48

877000	 rho_max_dem=5700.00	u_max_dem= 0.28	ftotal_max_dem= 0.00

878000	 rho_max_sph= 1.78	u_max_sph=24.21	ftotal_max_sph=159025.50

878000	 rho_max_dem=5700.00	u_max_dem= 0.28	ftotal_max_dem= 0.00

879000	 rho_max_sph= 1.78	u_max_sph=24.21	ftotal_max_sph=159028.43

879000	 rho_max_dem=5700.00	u_max_dem= 0.26	ftotal_max_dem= 0.00

880000	 rho_max_sph= 1.78	u_max_sph=24.21	ftotal_max_sph=159030.72

880000	 rho_max_dem=5700.00	u_max_dem= 0.26	ftotal_max_dem= 0.00

save plot...........................
test Particle 4580
time = 0.440000


881000	 rho_max_sph= 1.78	u_max_sph=24.21	ftotal_max_sph=159035.44

881000	 rho_max_dem=5700.00	u_max_dem= 0.26	ftotal_max_dem= 0.00

882000	 rho_max_sph= 1.78	u_max_sph=24.21	ftotal_max_sph=159039.65

882000	 rho_max_dem=5700.00	u_max_dem= 0.25	ftotal_max_dem= 0.00

883000	 rho_max_sph= 1.78	u_max_sph=24.21	ftotal_max_sph=159044.74

883000	 rho_max_dem=5700.00	u_max_dem= 0.26	ftotal_max_dem= 0.00

884000	 rho_max_sph= 1.78	u_max_sph=24.21	ftotal_max_sph=159050.19

884000	 rho_max_dem=5700.00	u_max_dem= 0.25	ftotal_max_dem= 0.00

885000	 rho_max_sph= 1.78	u_max_sph=24.21	ftotal_max_sph=159052.83

885000	 rho_max_dem=5700.00	u_max_dem= 0.26	ftotal_max_dem= 0.00

886000	 rho_max_sph= 1.78	u_max_sph=24.21	ftotal_max_sph=159057.24

886000	 rho_max_dem=5700.00	u_max_dem= 0.26	ftotal_max_dem= 0.00

887000	 rho_max_sph= 1.78	u_max_sph=24.21	ftotal_max_sph=159063.44

887000	 rho_max_dem=5700.00	u_max_dem= 0.26	ftotal_max_dem= 0.00

888000	 rho_max_sph= 1.78	u_max_sph=24.21	ftotal_max_sph=159069.97

888000	 rho_max_dem=5700.00	u_max_dem= 0.25	ftotal_max_dem= 0.00

889000	 rho_max_sph= 1.78	u_max_sph=24.21	ftotal_max_sph=159073.28

889000	 rho_max_dem=5700.00	u_max_dem= 0.25	ftotal_max_dem= 0.00

890000	 rho_max_sph= 1.78	u_max_sph=24.21	ftotal_max_sph=159076.89

890000	 rho_max_dem=5700.00	u_max_dem= 0.25	ftotal_max_dem= 0.00

save plot...........................
test Particle 4580
time = 0.445000


891000	 rho_max_sph= 1.78	u_max_sph=24.21	ftotal_max_sph=159082.24

891000	 rho_max_dem=5700.00	u_max_dem= 0.25	ftotal_max_dem= 0.00

892000	 rho_max_sph= 1.78	u_max_sph=24.21	ftotal_max_sph=159086.61

892000	 rho_max_dem=5700.00	u_max_dem= 0.25	ftotal_max_dem= 0.00

893000	 rho_max_sph= 1.78	u_max_sph=24.21	ftotal_max_sph=159091.17

893000	 rho_max_dem=5700.00	u_max_dem= 0.23	ftotal_max_dem= 0.00

894000	 rho_max_sph= 1.78	u_max_sph=24.21	ftotal_max_sph=159094.63

894000	 rho_max_dem=5700.00	u_max_dem= 0.23	ftotal_max_dem= 0.00

895000	 rho_max_sph= 1.78	u_max_sph=24.21	ftotal_max_sph=159096.96

895000	 rho_max_dem=5700.00	u_max_dem= 0.23	ftotal_max_dem= 0.00

896000	 rho_max_sph= 1.78	u_max_sph=24.21	ftotal_max_sph=159102.51

896000	 rho_max_dem=5700.00	u_max_dem= 0.24	ftotal_max_dem= 0.00

897000	 rho_max_sph= 1.78	u_max_sph=24.21	ftotal_max_sph=159104.44

897000	 rho_max_dem=5700.00	u_max_dem= 0.23	ftotal_max_dem= 0.00

898000	 rho_max_sph= 1.78	u_max_sph=24.21	ftotal_max_sph=159106.82

898000	 rho_max_dem=5700.00	u_max_dem= 0.23	ftotal_max_dem= 0.00

899000	 rho_max_sph= 1.78	u_max_sph=24.21	ftotal_max_sph=159109.15

899000	 rho_max_dem=5700.00	u_max_dem= 0.23	ftotal_max_dem= 0.00

900000	 rho_max_sph= 1.78	u_max_sph=24.21	ftotal_max_sph=159110.95

900000	 rho_max_dem=5700.00	u_max_dem= 0.23	ftotal_max_dem= 0.00

save plot...........................
test Particle 4580
time = 0.450000


901000	 rho_max_sph= 1.78	u_max_sph=24.21	ftotal_max_sph=159116.65

901000	 rho_max_dem=5700.00	u_max_dem= 0.23	ftotal_max_dem= 0.00

902000	 rho_max_sph= 1.78	u_max_sph=24.21	ftotal_max_sph=159117.48

902000	 rho_max_dem=5700.00	u_max_dem= 0.22	ftotal_max_dem= 0.00

903000	 rho_max_sph= 1.78	u_max_sph=24.21	ftotal_max_sph=159119.93

903000	 rho_max_dem=5700.00	u_max_dem= 0.22	ftotal_max_dem= 0.00

904000	 rho_max_sph= 1.78	u_max_sph=24.21	ftotal_max_sph=159122.32

904000	 rho_max_dem=5700.00	u_max_dem= 0.22	ftotal_max_dem= 0.00

905000	 rho_max_sph= 1.78	u_max_sph=24.21	ftotal_max_sph=159124.43

905000	 rho_max_dem=5700.00	u_max_dem= 0.22	ftotal_max_dem= 0.00

906000	 rho_max_sph= 1.78	u_max_sph=24.21	ftotal_max_sph=159126.71

906000	 rho_max_dem=5700.00	u_max_dem= 0.22	ftotal_max_dem= 0.00

907000	 rho_max_sph= 1.78	u_max_sph=24.21	ftotal_max_sph=159130.29

907000	 rho_max_dem=5700.00	u_max_dem= 0.22	ftotal_max_dem= 0.00

908000	 rho_max_sph= 1.78	u_max_sph=24.21	ftotal_max_sph=159129.80

908000	 rho_max_dem=5700.00	u_max_dem= 0.22	ftotal_max_dem= 0.00

909000	 rho_max_sph= 1.78	u_max_sph=24.21	ftotal_max_sph=159131.32

909000	 rho_max_dem=5700.00	u_max_dem= 0.22	ftotal_max_dem= 0.00

910000	 rho_max_sph= 1.78	u_max_sph=24.21	ftotal_max_sph=159136.95

910000	 rho_max_dem=5700.00	u_max_dem= 0.21	ftotal_max_dem= 0.00

save plot...........................
test Particle 4580
time = 0.455000


911000	 rho_max_sph= 1.78	u_max_sph=24.21	ftotal_max_sph=159139.48

911000	 rho_max_dem=5700.00	u_max_dem= 0.21	ftotal_max_dem= 0.00

912000	 rho_max_sph= 1.78	u_max_sph=24.21	ftotal_max_sph=159137.83

912000	 rho_max_dem=5700.00	u_max_dem= 0.21	ftotal_max_dem= 0.00

913000	 rho_max_sph= 1.78	u_max_sph=24.21	ftotal_max_sph=159143.06

913000	 rho_max_dem=5700.00	u_max_dem= 0.21	ftotal_max_dem= 0.00

914000	 rho_max_sph= 1.78	u_max_sph=24.21	ftotal_max_sph=159145.28

914000	 rho_max_dem=5700.00	u_max_dem= 0.22	ftotal_max_dem= 0.00

915000	 rho_max_sph= 1.78	u_max_sph=24.21	ftotal_max_sph=159151.05

915000	 rho_max_dem=5700.00	u_max_dem= 0.22	ftotal_max_dem= 0.00

916000	 rho_max_sph= 1.78	u_max_sph=24.21	ftotal_max_sph=159151.74

916000	 rho_max_dem=5700.00	u_max_dem= 0.22	ftotal_max_dem= 0.00

917000	 rho_max_sph= 1.78	u_max_sph=24.21	ftotal_max_sph=159155.17

917000	 rho_max_dem=5700.00	u_max_dem= 0.21	ftotal_max_dem= 0.00

918000	 rho_max_sph= 1.78	u_max_sph=24.21	ftotal_max_sph=159160.26

918000	 rho_max_dem=5700.00	u_max_dem= 0.21	ftotal_max_dem= 0.00

919000	 rho_max_sph= 1.78	u_max_sph=24.21	ftotal_max_sph=159163.02

919000	 rho_max_dem=5700.00	u_max_dem= 0.24	ftotal_max_dem= 0.00

920000	 rho_max_sph= 1.78	u_max_sph=24.21	ftotal_max_sph=159170.15

920000	 rho_max_dem=5700.00	u_max_dem= 0.24	ftotal_max_dem= 0.00

save plot...........................
test Particle 4580
time = 0.460000


921000	 rho_max_sph= 1.78	u_max_sph=24.21	ftotal_max_sph=159171.88

921000	 rho_max_dem=5700.00	u_max_dem= 0.23	ftotal_max_dem= 0.00

922000	 rho_max_sph= 1.78	u_max_sph=24.21	ftotal_max_sph=159177.62

922000	 rho_max_dem=5700.00	u_max_dem= 0.23	ftotal_max_dem= 0.00

923000	 rho_max_sph= 1.78	u_max_sph=24.21	ftotal_max_sph=159180.85

923000	 rho_max_dem=5700.00	u_max_dem= 0.23	ftotal_max_dem= 0.00

924000	 rho_max_sph= 1.78	u_max_sph=24.21	ftotal_max_sph=159184.86

924000	 rho_max_dem=5700.00	u_max_dem= 0.23	ftotal_max_dem= 0.00

925000	 rho_max_sph= 1.78	u_max_sph=24.21	ftotal_max_sph=159189.49

925000	 rho_max_dem=5700.00	u_max_dem= 0.22	ftotal_max_dem= 0.00

926000	 rho_max_sph= 1.78	u_max_sph=24.21	ftotal_max_sph=159196.31

926000	 rho_max_dem=5700.00	u_max_dem= 0.22	ftotal_max_dem= 0.00

927000	 rho_max_sph= 1.78	u_max_sph=24.21	ftotal_max_sph=159199.97

927000	 rho_max_dem=5700.00	u_max_dem= 0.22	ftotal_max_dem= 0.00

928000	 rho_max_sph= 1.78	u_max_sph=24.21	ftotal_max_sph=159206.24

928000	 rho_max_dem=5700.00	u_max_dem= 0.22	ftotal_max_dem= 0.00

929000	 rho_max_sph= 1.78	u_max_sph=24.21	ftotal_max_sph=159211.77

929000	 rho_max_dem=5700.00	u_max_dem= 0.21	ftotal_max_dem= 0.00

930000	 rho_max_sph= 1.78	u_max_sph=24.21	ftotal_max_sph=159217.14

930000	 rho_max_dem=5700.00	u_max_dem= 0.21	ftotal_max_dem= 0.00

save plot...........................
test Particle 4580
time = 0.465000


931000	 rho_max_sph= 1.78	u_max_sph=24.21	ftotal_max_sph=159224.05

931000	 rho_max_dem=5700.00	u_max_dem= 0.21	ftotal_max_dem= 0.00

932000	 rho_max_sph= 1.78	u_max_sph=24.21	ftotal_max_sph=159229.95

932000	 rho_max_dem=5700.00	u_max_dem= 0.21	ftotal_max_dem= 0.00

933000	 rho_max_sph= 1.78	u_max_sph=24.21	ftotal_max_sph=159236.05

933000	 rho_max_dem=5700.00	u_max_dem= 0.21	ftotal_max_dem= 0.00

934000	 rho_max_sph= 1.78	u_max_sph=24.21	ftotal_max_sph=159241.47

934000	 rho_max_dem=5700.00	u_max_dem= 0.20	ftotal_max_dem= 0.00

935000	 rho_max_sph= 1.78	u_max_sph=24.21	ftotal_max_sph=159252.78

935000	 rho_max_dem=5700.00	u_max_dem= 0.20	ftotal_max_dem= 0.00

936000	 rho_max_sph= 1.78	u_max_sph=24.21	ftotal_max_sph=159261.14

936000	 rho_max_dem=5700.00	u_max_dem= 0.20	ftotal_max_dem= 0.00

937000	 rho_max_sph= 1.78	u_max_sph=24.21	ftotal_max_sph=159264.28

937000	 rho_max_dem=5700.00	u_max_dem= 0.20	ftotal_max_dem= 0.00

938000	 rho_max_sph= 1.78	u_max_sph=24.21	ftotal_max_sph=159270.92

938000	 rho_max_dem=5700.00	u_max_dem= 0.19	ftotal_max_dem= 0.00

939000	 rho_max_sph= 1.78	u_max_sph=24.21	ftotal_max_sph=159279.08

939000	 rho_max_dem=5700.00	u_max_dem= 0.19	ftotal_max_dem= 0.00

940000	 rho_max_sph= 1.78	u_max_sph=24.21	ftotal_max_sph=159284.69

940000	 rho_max_dem=5700.00	u_max_dem= 0.15	ftotal_max_dem= 0.00

save plot...........................
test Particle 4580
time = 0.470000


941000	 rho_max_sph= 1.78	u_max_sph=24.21	ftotal_max_sph=159292.13

941000	 rho_max_dem=5700.00	u_max_dem= 0.15	ftotal_max_dem= 0.00

942000	 rho_max_sph= 1.78	u_max_sph=24.21	ftotal_max_sph=159297.13

942000	 rho_max_dem=5700.00	u_max_dem= 0.15	ftotal_max_dem= 0.00

943000	 rho_max_sph= 1.78	u_max_sph=24.21	ftotal_max_sph=159305.11

943000	 rho_max_dem=5700.00	u_max_dem= 0.15	ftotal_max_dem= 0.00

944000	 rho_max_sph= 1.78	u_max_sph=24.21	ftotal_max_sph=159312.01

944000	 rho_max_dem=5700.00	u_max_dem= 0.18	ftotal_max_dem= 0.00

945000	 rho_max_sph= 1.78	u_max_sph=24.21	ftotal_max_sph=159318.01

945000	 rho_max_dem=5700.00	u_max_dem= 0.18	ftotal_max_dem= 0.00

946000	 rho_max_sph= 1.78	u_max_sph=24.21	ftotal_max_sph=159323.16

946000	 rho_max_dem=5700.00	u_max_dem= 0.18	ftotal_max_dem= 0.00

947000	 rho_max_sph= 1.78	u_max_sph=24.21	ftotal_max_sph=159330.69

947000	 rho_max_dem=5700.00	u_max_dem= 0.18	ftotal_max_dem= 0.00

948000	 rho_max_sph= 1.78	u_max_sph=24.21	ftotal_max_sph=159338.50

948000	 rho_max_dem=5700.00	u_max_dem= 0.16	ftotal_max_dem= 0.00

949000	 rho_max_sph= 1.78	u_max_sph=24.21	ftotal_max_sph=159346.86

949000	 rho_max_dem=5700.00	u_max_dem= 0.16	ftotal_max_dem= 0.00

950000	 rho_max_sph= 1.78	u_max_sph=24.21	ftotal_max_sph=159354.91

950000	 rho_max_dem=5700.00	u_max_dem= 0.17	ftotal_max_dem= 0.00

save plot...........................
test Particle 4580
time = 0.475000


951000	 rho_max_sph= 1.78	u_max_sph=24.21	ftotal_max_sph=159361.87

951000	 rho_max_dem=5700.00	u_max_dem= 0.17	ftotal_max_dem= 0.00

952000	 rho_max_sph= 1.78	u_max_sph=24.21	ftotal_max_sph=159374.68

952000	 rho_max_dem=5700.00	u_max_dem= 0.17	ftotal_max_dem= 0.00

953000	 rho_max_sph= 1.78	u_max_sph=24.21	ftotal_max_sph=159385.01

953000	 rho_max_dem=5700.00	u_max_dem= 0.17	ftotal_max_dem= 0.00

954000	 rho_max_sph= 1.78	u_max_sph=24.21	ftotal_max_sph=159393.13

954000	 rho_max_dem=5700.00	u_max_dem= 0.17	ftotal_max_dem= 0.00

955000	 rho_max_sph= 1.78	u_max_sph=24.21	ftotal_max_sph=159404.69

955000	 rho_max_dem=5700.00	u_max_dem= 0.17	ftotal_max_dem= 0.00

956000	 rho_max_sph= 1.78	u_max_sph=24.21	ftotal_max_sph=159416.31

956000	 rho_max_dem=5700.00	u_max_dem= 0.17	ftotal_max_dem= 0.00

957000	 rho_max_sph= 1.78	u_max_sph=24.21	ftotal_max_sph=159423.79

957000	 rho_max_dem=5700.00	u_max_dem= 0.19	ftotal_max_dem= 0.00

958000	 rho_max_sph= 1.78	u_max_sph=24.21	ftotal_max_sph=159426.01

958000	 rho_max_dem=5700.00	u_max_dem= 0.19	ftotal_max_dem= 0.00

959000	 rho_max_sph= 1.78	u_max_sph=24.21	ftotal_max_sph=159433.35

959000	 rho_max_dem=5700.00	u_max_dem= 0.19	ftotal_max_dem= 0.00

960000	 rho_max_sph= 1.78	u_max_sph=24.21	ftotal_max_sph=159443.71

960000	 rho_max_dem=5700.00	u_max_dem= 0.20	ftotal_max_dem= 0.00

save plot...........................
test Particle 4580
time = 0.480000


961000	 rho_max_sph= 1.78	u_max_sph=24.21	ftotal_max_sph=159450.91

961000	 rho_max_dem=5700.00	u_max_dem= 0.20	ftotal_max_dem= 0.00

962000	 rho_max_sph= 1.78	u_max_sph=24.21	ftotal_max_sph=159464.33

962000	 rho_max_dem=5700.00	u_max_dem= 0.20	ftotal_max_dem= 0.00

963000	 rho_max_sph= 1.78	u_max_sph=24.21	ftotal_max_sph=159478.42

963000	 rho_max_dem=5700.00	u_max_dem= 0.20	ftotal_max_dem= 0.00

964000	 rho_max_sph= 1.78	u_max_sph=24.21	ftotal_max_sph=159486.79

964000	 rho_max_dem=5700.00	u_max_dem= 0.20	ftotal_max_dem= 0.00

965000	 rho_max_sph= 1.78	u_max_sph=24.21	ftotal_max_sph=159494.47

965000	 rho_max_dem=5700.00	u_max_dem= 0.21	ftotal_max_dem= 0.00

966000	 rho_max_sph= 1.78	u_max_sph=24.21	ftotal_max_sph=159508.07

966000	 rho_max_dem=5700.00	u_max_dem= 0.22	ftotal_max_dem= 0.00

967000	 rho_max_sph= 1.78	u_max_sph=24.21	ftotal_max_sph=159513.56

967000	 rho_max_dem=5700.00	u_max_dem= 0.22	ftotal_max_dem= 0.00

968000	 rho_max_sph= 1.78	u_max_sph=24.21	ftotal_max_sph=159532.33

968000	 rho_max_dem=5700.00	u_max_dem= 0.22	ftotal_max_dem= 0.00

969000	 rho_max_sph= 1.78	u_max_sph=24.21	ftotal_max_sph=159538.99

969000	 rho_max_dem=5700.00	u_max_dem= 0.22	ftotal_max_dem= 0.00

970000	 rho_max_sph= 1.78	u_max_sph=24.21	ftotal_max_sph=159551.87

970000	 rho_max_dem=5700.00	u_max_dem= 0.22	ftotal_max_dem= 0.00

save plot...........................
test Particle 4580
time = 0.485000


971000	 rho_max_sph= 1.78	u_max_sph=24.21	ftotal_max_sph=159559.32

971000	 rho_max_dem=5700.00	u_max_dem= 0.22	ftotal_max_dem= 0.00

972000	 rho_max_sph= 1.78	u_max_sph=24.21	ftotal_max_sph=159572.55

972000	 rho_max_dem=5700.00	u_max_dem= 0.22	ftotal_max_dem= 0.00

973000	 rho_max_sph= 1.78	u_max_sph=24.22	ftotal_max_sph=159574.66

973000	 rho_max_dem=5700.00	u_max_dem= 0.22	ftotal_max_dem= 0.00

974000	 rho_max_sph= 1.78	u_max_sph=24.22	ftotal_max_sph=159589.18

974000	 rho_max_dem=5700.00	u_max_dem= 0.22	ftotal_max_dem= 0.00

975000	 rho_max_sph= 1.78	u_max_sph=24.23	ftotal_max_sph=159603.58

975000	 rho_max_dem=5700.00	u_max_dem= 0.22	ftotal_max_dem= 0.00

976000	 rho_max_sph= 1.78	u_max_sph=24.24	ftotal_max_sph=159605.93

976000	 rho_max_dem=5700.00	u_max_dem= 0.22	ftotal_max_dem= 0.00

977000	 rho_max_sph= 1.78	u_max_sph=24.24	ftotal_max_sph=159607.34

977000	 rho_max_dem=5700.00	u_max_dem= 0.22	ftotal_max_dem= 0.00

978000	 rho_max_sph= 1.78	u_max_sph=24.25	ftotal_max_sph=159605.59

978000	 rho_max_dem=5700.00	u_max_dem= 0.22	ftotal_max_dem= 0.00

979000	 rho_max_sph= 1.78	u_max_sph=24.25	ftotal_max_sph=159602.80

979000	 rho_max_dem=5700.00	u_max_dem= 0.22	ftotal_max_dem= 0.00

980000	 rho_max_sph= 1.78	u_max_sph=24.26	ftotal_max_sph=159596.12

980000	 rho_max_dem=5700.00	u_max_dem= 0.21	ftotal_max_dem= 0.00

save plot...........................
test Particle 4580
time = 0.490000


981000	 rho_max_sph= 1.78	u_max_sph=24.27	ftotal_max_sph=159593.39

981000	 rho_max_dem=5700.00	u_max_dem= 0.21	ftotal_max_dem= 0.00

982000	 rho_max_sph= 1.78	u_max_sph=24.27	ftotal_max_sph=159573.96

982000	 rho_max_dem=5700.00	u_max_dem= 0.22	ftotal_max_dem= 0.00

983000	 rho_max_sph= 1.78	u_max_sph=24.28	ftotal_max_sph=159552.36

983000	 rho_max_dem=5700.00	u_max_dem= 0.22	ftotal_max_dem= 0.00

984000	 rho_max_sph= 1.78	u_max_sph=24.29	ftotal_max_sph=159517.29

984000	 rho_max_dem=5700.00	u_max_dem= 0.22	ftotal_max_dem= 0.00

985000	 rho_max_sph= 1.78	u_max_sph=24.29	ftotal_max_sph=159482.22

985000	 rho_max_dem=5700.00	u_max_dem= 0.23	ftotal_max_dem= 0.00

986000	 rho_max_sph= 1.78	u_max_sph=24.30	ftotal_max_sph=159449.96

986000	 rho_max_dem=5700.00	u_max_dem= 0.23	ftotal_max_dem= 0.00

987000	 rho_max_sph= 1.78	u_max_sph=24.31	ftotal_max_sph=159405.23

987000	 rho_max_dem=5700.00	u_max_dem= 0.24	ftotal_max_dem= 0.00

988000	 rho_max_sph= 1.78	u_max_sph=24.31	ftotal_max_sph=159355.66

988000	 rho_max_dem=5700.00	u_max_dem= 0.24	ftotal_max_dem= 0.00

989000	 rho_max_sph= 1.78	u_max_sph=24.32	ftotal_max_sph=159304.56

989000	 rho_max_dem=5700.00	u_max_dem= 0.24	ftotal_max_dem= 0.00

990000	 rho_max_sph= 1.78	u_max_sph=24.33	ftotal_max_sph=159260.86

990000	 rho_max_dem=5700.00	u_max_dem= 0.24	ftotal_max_dem= 0.00

save plot...........................
test Particle 4580
time = 0.495000


991000	 rho_max_sph= 1.78	u_max_sph=24.33	ftotal_max_sph=159211.92

991000	 rho_max_dem=5700.00	u_max_dem= 0.24	ftotal_max_dem= 0.00

992000	 rho_max_sph= 1.78	u_max_sph=24.34	ftotal_max_sph=159157.51

992000	 rho_max_dem=5700.00	u_max_dem= 0.25	ftotal_max_dem= 0.00

993000	 rho_max_sph= 1.78	u_max_sph=24.35	ftotal_max_sph=159096.16

993000	 rho_max_dem=5700.00	u_max_dem= 0.25	ftotal_max_dem= 0.00

994000	 rho_max_sph= 1.78	u_max_sph=24.35	ftotal_max_sph=159031.81

994000	 rho_max_dem=5700.00	u_max_dem= 0.26	ftotal_max_dem= 0.00

995000	 rho_max_sph= 1.78	u_max_sph=24.36	ftotal_max_sph=158956.04

995000	 rho_max_dem=5700.00	u_max_dem= 0.26	ftotal_max_dem= 0.00

996000	 rho_max_sph= 1.78	u_max_sph=24.36	ftotal_max_sph=158877.96

996000	 rho_max_dem=5700.00	u_max_dem= 0.27	ftotal_max_dem= 0.00

997000	 rho_max_sph= 1.78	u_max_sph=24.37	ftotal_max_sph=158795.17

997000	 rho_max_dem=5700.00	u_max_dem= 0.27	ftotal_max_dem= 0.00

998000	 rho_max_sph= 1.78	u_max_sph=24.37	ftotal_max_sph=158719.51

998000	 rho_max_dem=5700.00	u_max_dem= 0.27	ftotal_max_dem= 0.00

999000	 rho_max_sph= 1.78	u_max_sph=24.37	ftotal_max_sph=158647.71

999000	 rho_max_dem=5700.00	u_max_dem= 0.28	ftotal_max_dem= 0.00

1000000	 rho_max_sph= 1.78	u_max_sph=24.38	ftotal_max_sph=158577.75

1000000	 rho_max_dem=5700.00	u_max_dem= 0.28	ftotal_max_dem= 0.00

save plot...........................
test Particle 4580
time = 0.500000


1001000	 rho_max_sph= 1.78	u_max_sph=24.38	ftotal_max_sph=158518.40

1001000	 rho_max_dem=5700.00	u_max_dem= 0.29	ftotal_max_dem= 0.00

1002000	 rho_max_sph= 1.78	u_max_sph=24.38	ftotal_max_sph=158456.96

1002000	 rho_max_dem=5700.00	u_max_dem= 0.29	ftotal_max_dem= 0.00

1003000	 rho_max_sph= 1.78	u_max_sph=24.38	ftotal_max_sph=158400.18

1003000	 rho_max_dem=5700.00	u_max_dem= 0.29	ftotal_max_dem= 0.00

1004000	 rho_max_sph= 1.78	u_max_sph=24.37	ftotal_max_sph=158350.03

1004000	 rho_max_dem=5700.00	u_max_dem= 0.30	ftotal_max_dem= 0.00

1005000	 rho_max_sph= 1.78	u_max_sph=24.37	ftotal_max_sph=158303.81

1005000	 rho_max_dem=5700.00	u_max_dem= 0.30	ftotal_max_dem= 0.00

1006000	 rho_max_sph= 1.78	u_max_sph=24.37	ftotal_max_sph=158278.85

1006000	 rho_max_dem=5700.00	u_max_dem= 0.31	ftotal_max_dem= 0.00

1007000	 rho_max_sph= 1.78	u_max_sph=24.37	ftotal_max_sph=158273.75

1007000	 rho_max_dem=5700.00	u_max_dem= 0.31	ftotal_max_dem= 0.00

1008000	 rho_max_sph= 1.78	u_max_sph=24.36	ftotal_max_sph=158266.41

1008000	 rho_max_dem=5700.00	u_max_dem= 0.32	ftotal_max_dem= 0.00

1009000	 rho_max_sph= 1.78	u_max_sph=24.36	ftotal_max_sph=158266.16

1009000	 rho_max_dem=5700.00	u_max_dem= 0.32	ftotal_max_dem= 0.00

1010000	 rho_max_sph= 1.78	u_max_sph=24.35	ftotal_max_sph=158282.18

1010000	 rho_max_dem=5700.00	u_max_dem= 0.33	ftotal_max_dem= 0.00

save plot...........................
test Particle 4580
time = 0.505000


1011000	 rho_max_sph= 1.78	u_max_sph=24.35	ftotal_max_sph=158308.13

1011000	 rho_max_dem=5700.00	u_max_dem= 0.33	ftotal_max_dem= 0.00

1012000	 rho_max_sph= 1.78	u_max_sph=24.34	ftotal_max_sph=158338.41

1012000	 rho_max_dem=5700.00	u_max_dem= 0.34	ftotal_max_dem= 0.00

1013000	 rho_max_sph= 1.78	u_max_sph=24.34	ftotal_max_sph=158380.30

1013000	 rho_max_dem=5700.00	u_max_dem= 0.34	ftotal_max_dem= 0.00

1014000	 rho_max_sph= 1.78	u_max_sph=24.33	ftotal_max_sph=158421.79

1014000	 rho_max_dem=5700.00	u_max_dem= 0.35	ftotal_max_dem= 0.00

1015000	 rho_max_sph= 1.78	u_max_sph=24.32	ftotal_max_sph=158471.27

1015000	 rho_max_dem=5700.00	u_max_dem= 0.35	ftotal_max_dem= 0.00

1016000	 rho_max_sph= 1.78	u_max_sph=24.32	ftotal_max_sph=158532.59

1016000	 rho_max_dem=5700.00	u_max_dem= 0.36	ftotal_max_dem= 0.00

1017000	 rho_max_sph= 1.78	u_max_sph=24.31	ftotal_max_sph=158594.89

1017000	 rho_max_dem=5700.00	u_max_dem= 0.36	ftotal_max_dem= 0.00

1018000	 rho_max_sph= 1.78	u_max_sph=24.30	ftotal_max_sph=158659.91

1018000	 rho_max_dem=5700.00	u_max_dem= 0.36	ftotal_max_dem= 0.00

1019000	 rho_max_sph= 1.78	u_max_sph=24.29	ftotal_max_sph=158716.55

1019000	 rho_max_dem=5700.00	u_max_dem= 0.37	ftotal_max_dem= 0.00

1020000	 rho_max_sph= 1.78	u_max_sph=24.29	ftotal_max_sph=158775.94

1020000	 rho_max_dem=5700.00	u_max_dem= 0.38	ftotal_max_dem= 0.00

save plot...........................
test Particle 4580
time = 0.510000


1021000	 rho_max_sph= 1.78	u_max_sph=24.28	ftotal_max_sph=158834.36

1021000	 rho_max_dem=5700.00	u_max_dem= 0.38	ftotal_max_dem= 0.00

1022000	 rho_max_sph= 1.78	u_max_sph=24.27	ftotal_max_sph=158888.47

1022000	 rho_max_dem=5700.00	u_max_dem= 0.35	ftotal_max_dem= 0.00

1023000	 rho_max_sph= 1.78	u_max_sph=24.27	ftotal_max_sph=158941.90

1023000	 rho_max_dem=5700.00	u_max_dem= 0.36	ftotal_max_dem= 0.00

1024000	 rho_max_sph= 1.78	u_max_sph=24.26	ftotal_max_sph=158987.71

1024000	 rho_max_dem=5700.00	u_max_dem= 0.37	ftotal_max_dem= 0.00

1025000	 rho_max_sph= 1.78	u_max_sph=24.25	ftotal_max_sph=159033.73

1025000	 rho_max_dem=5700.00	u_max_dem= 0.37	ftotal_max_dem= 0.00

1026000	 rho_max_sph= 1.78	u_max_sph=24.25	ftotal_max_sph=159069.33

1026000	 rho_max_dem=5700.00	u_max_dem= 0.38	ftotal_max_dem= 0.00

1027000	 rho_max_sph= 1.78	u_max_sph=24.24	ftotal_max_sph=159103.27

1027000	 rho_max_dem=5700.00	u_max_dem= 0.39	ftotal_max_dem= 0.00

1028000	 rho_max_sph= 1.78	u_max_sph=24.24	ftotal_max_sph=159127.66

1028000	 rho_max_dem=5700.00	u_max_dem= 0.40	ftotal_max_dem= 0.00

1029000	 rho_max_sph= 1.78	u_max_sph=24.23	ftotal_max_sph=159147.77

1029000	 rho_max_dem=5700.00	u_max_dem= 0.41	ftotal_max_dem= 0.00

1030000	 rho_max_sph= 1.78	u_max_sph=24.23	ftotal_max_sph=159167.07

1030000	 rho_max_dem=5700.00	u_max_dem= 0.34	ftotal_max_dem= 0.00

save plot...........................
test Particle 4580
time = 0.515000


1031000	 rho_max_sph= 1.78	u_max_sph=24.22	ftotal_max_sph=159185.25

1031000	 rho_max_dem=5700.00	u_max_dem= 0.35	ftotal_max_dem= 0.00

1032000	 rho_max_sph= 1.78	u_max_sph=24.22	ftotal_max_sph=159193.09

1032000	 rho_max_dem=5700.00	u_max_dem= 0.36	ftotal_max_dem= 0.00

1033000	 rho_max_sph= 1.78	u_max_sph=24.22	ftotal_max_sph=159210.19

1033000	 rho_max_dem=5700.00	u_max_dem= 0.37	ftotal_max_dem= 0.00

1034000	 rho_max_sph= 1.78	u_max_sph=24.21	ftotal_max_sph=159217.79

1034000	 rho_max_dem=5700.00	u_max_dem= 0.32	ftotal_max_dem= 0.00

1035000	 rho_max_sph= 1.78	u_max_sph=24.21	ftotal_max_sph=159222.63

1035000	 rho_max_dem=5700.00	u_max_dem= 0.33	ftotal_max_dem= 0.00

1036000	 rho_max_sph= 1.78	u_max_sph=24.21	ftotal_max_sph=159228.72

1036000	 rho_max_dem=5700.00	u_max_dem= 0.34	ftotal_max_dem= 0.00

1037000	 rho_max_sph= 1.78	u_max_sph=24.21	ftotal_max_sph=159241.53

1037000	 rho_max_dem=5700.00	u_max_dem= 0.34	ftotal_max_dem= 0.00

1038000	 rho_max_sph= 1.78	u_max_sph=24.21	ftotal_max_sph=159253.37

1038000	 rho_max_dem=5700.00	u_max_dem= 0.35	ftotal_max_dem= 0.00

1039000	 rho_max_sph= 1.78	u_max_sph=24.21	ftotal_max_sph=159260.45

1039000	 rho_max_dem=5700.00	u_max_dem= 0.36	ftotal_max_dem= 0.00

1040000	 rho_max_sph= 1.78	u_max_sph=24.21	ftotal_max_sph=159267.73

1040000	 rho_max_dem=5700.00	u_max_dem= 0.36	ftotal_max_dem= 0.00

save plot...........................
test Particle 4580
time = 0.520000


1041000	 rho_max_sph= 1.78	u_max_sph=24.21	ftotal_max_sph=159278.32

1041000	 rho_max_dem=5700.00	u_max_dem= 0.37	ftotal_max_dem= 0.00

1042000	 rho_max_sph= 1.78	u_max_sph=24.21	ftotal_max_sph=159286.35

1042000	 rho_max_dem=5700.00	u_max_dem= 0.37	ftotal_max_dem= 0.00

1043000	 rho_max_sph= 1.78	u_max_sph=24.21	ftotal_max_sph=159296.55

1043000	 rho_max_dem=5700.00	u_max_dem= 0.37	ftotal_max_dem= 0.00

1044000	 rho_max_sph= 1.78	u_max_sph=24.21	ftotal_max_sph=159303.77

1044000	 rho_max_dem=5700.00	u_max_dem= 0.37	ftotal_max_dem= 0.00

1045000	 rho_max_sph= 1.78	u_max_sph=24.21	ftotal_max_sph=159312.20

1045000	 rho_max_dem=5700.00	u_max_dem= 0.29	ftotal_max_dem= 0.00

1046000	 rho_max_sph= 1.78	u_max_sph=24.21	ftotal_max_sph=159318.22

1046000	 rho_max_dem=5700.00	u_max_dem= 0.29	ftotal_max_dem= 0.00

1047000	 rho_max_sph= 1.78	u_max_sph=24.21	ftotal_max_sph=159323.49

1047000	 rho_max_dem=5700.00	u_max_dem= 0.29	ftotal_max_dem= 0.00

1048000	 rho_max_sph= 1.78	u_max_sph=24.21	ftotal_max_sph=159328.04

1048000	 rho_max_dem=5700.00	u_max_dem= 0.30	ftotal_max_dem= 0.00

1049000	 rho_max_sph= 1.78	u_max_sph=24.21	ftotal_max_sph=159328.33

1049000	 rho_max_dem=5700.00	u_max_dem= 0.30	ftotal_max_dem= 0.00

1050000	 rho_max_sph= 1.78	u_max_sph=24.21	ftotal_max_sph=159327.46

1050000	 rho_max_dem=5700.00	u_max_dem= 0.31	ftotal_max_dem= 0.00

save plot...........................
test Particle 4580
time = 0.525000


1051000	 rho_max_sph= 1.78	u_max_sph=24.21	ftotal_max_sph=159328.93

1051000	 rho_max_dem=5700.00	u_max_dem= 0.31	ftotal_max_dem= 0.00

1052000	 rho_max_sph= 1.78	u_max_sph=24.21	ftotal_max_sph=159327.72

1052000	 rho_max_dem=5700.00	u_max_dem= 0.30	ftotal_max_dem= 0.00

1053000	 rho_max_sph= 1.78	u_max_sph=24.21	ftotal_max_sph=159324.08

1053000	 rho_max_dem=5700.00	u_max_dem= 0.31	ftotal_max_dem= 0.00

1054000	 rho_max_sph= 1.78	u_max_sph=24.21	ftotal_max_sph=159320.12

1054000	 rho_max_dem=5700.00	u_max_dem= 0.31	ftotal_max_dem= 0.00

1055000	 rho_max_sph= 1.78	u_max_sph=24.21	ftotal_max_sph=159316.97

1055000	 rho_max_dem=5700.00	u_max_dem= 0.31	ftotal_max_dem= 0.00

1056000	 rho_max_sph= 1.78	u_max_sph=24.21	ftotal_max_sph=159312.48

1056000	 rho_max_dem=5700.00	u_max_dem= 0.31	ftotal_max_dem= 0.00

1057000	 rho_max_sph= 1.78	u_max_sph=24.21	ftotal_max_sph=159305.74

1057000	 rho_max_dem=5700.00	u_max_dem= 0.32	ftotal_max_dem= 0.00

1058000	 rho_max_sph= 1.78	u_max_sph=24.21	ftotal_max_sph=159302.61

1058000	 rho_max_dem=5700.00	u_max_dem= 0.32	ftotal_max_dem= 0.00

1059000	 rho_max_sph= 1.78	u_max_sph=24.21	ftotal_max_sph=159296.26

1059000	 rho_max_dem=5700.00	u_max_dem= 0.32	ftotal_max_dem= 0.00

1060000	 rho_max_sph= 1.78	u_max_sph=24.21	ftotal_max_sph=159293.10

1060000	 rho_max_dem=5700.00	u_max_dem= 0.32	ftotal_max_dem= 0.00

save plot...........................
test Particle 4580
time = 0.530000


1061000	 rho_max_sph= 1.78	u_max_sph=24.21	ftotal_max_sph=159284.98

1061000	 rho_max_dem=5700.00	u_max_dem= 0.32	ftotal_max_dem= 0.00

1062000	 rho_max_sph= 1.78	u_max_sph=24.21	ftotal_max_sph=159277.68

1062000	 rho_max_dem=5700.00	u_max_dem= 0.32	ftotal_max_dem= 0.00

1063000	 rho_max_sph= 1.78	u_max_sph=24.21	ftotal_max_sph=159270.41

1063000	 rho_max_dem=5700.00	u_max_dem= 0.32	ftotal_max_dem= 0.00

1064000	 rho_max_sph= 1.78	u_max_sph=24.21	ftotal_max_sph=159261.91

1064000	 rho_max_dem=5700.00	u_max_dem= 0.32	ftotal_max_dem= 0.00

1065000	 rho_max_sph= 1.78	u_max_sph=24.21	ftotal_max_sph=159252.65

1065000	 rho_max_dem=5700.00	u_max_dem= 0.29	ftotal_max_dem= 0.00

1066000	 rho_max_sph= 1.78	u_max_sph=24.21	ftotal_max_sph=159246.78

1066000	 rho_max_dem=5700.00	u_max_dem= 0.30	ftotal_max_dem= 0.00

1067000	 rho_max_sph= 1.78	u_max_sph=24.21	ftotal_max_sph=159240.14

1067000	 rho_max_dem=5700.00	u_max_dem= 0.30	ftotal_max_dem= 0.00

1068000	 rho_max_sph= 1.78	u_max_sph=24.21	ftotal_max_sph=159231.90

1068000	 rho_max_dem=5700.00	u_max_dem= 0.30	ftotal_max_dem= 0.00

1069000	 rho_max_sph= 1.78	u_max_sph=24.21	ftotal_max_sph=159224.19

1069000	 rho_max_dem=5700.00	u_max_dem= 0.23	ftotal_max_dem= 0.00

1070000	 rho_max_sph= 1.78	u_max_sph=24.21	ftotal_max_sph=159217.41

1070000	 rho_max_dem=5700.00	u_max_dem= 0.23	ftotal_max_dem= 0.00

save plot...........................
test Particle 4580
time = 0.535000


1071000	 rho_max_sph= 1.78	u_max_sph=24.21	ftotal_max_sph=159213.58

1071000	 rho_max_dem=5700.00	u_max_dem= 0.23	ftotal_max_dem= 0.00

1072000	 rho_max_sph= 1.78	u_max_sph=24.21	ftotal_max_sph=159207.87

1072000	 rho_max_dem=5700.00	u_max_dem= 0.23	ftotal_max_dem= 0.00

1073000	 rho_max_sph= 1.78	u_max_sph=24.21	ftotal_max_sph=159202.79

1073000	 rho_max_dem=5700.00	u_max_dem= 0.24	ftotal_max_dem= 0.00

1074000	 rho_max_sph= 1.78	u_max_sph=24.21	ftotal_max_sph=159199.61

1074000	 rho_max_dem=5700.00	u_max_dem= 0.24	ftotal_max_dem= 0.00

1075000	 rho_max_sph= 1.78	u_max_sph=24.21	ftotal_max_sph=159195.28

1075000	 rho_max_dem=5700.00	u_max_dem= 0.24	ftotal_max_dem= 0.00

1076000	 rho_max_sph= 1.78	u_max_sph=24.21	ftotal_max_sph=159193.53

1076000	 rho_max_dem=5700.00	u_max_dem= 0.24	ftotal_max_dem= 0.00

1077000	 rho_max_sph= 1.78	u_max_sph=24.21	ftotal_max_sph=159190.44

1077000	 rho_max_dem=5700.00	u_max_dem= 0.24	ftotal_max_dem= 0.00

1078000	 rho_max_sph= 1.78	u_max_sph=24.21	ftotal_max_sph=159188.70

1078000	 rho_max_dem=5700.00	u_max_dem= 0.24	ftotal_max_dem= 0.00

1079000	 rho_max_sph= 1.78	u_max_sph=24.21	ftotal_max_sph=159186.91

1079000	 rho_max_dem=5700.00	u_max_dem= 0.25	ftotal_max_dem= 0.00

1080000	 rho_max_sph= 1.78	u_max_sph=24.21	ftotal_max_sph=159182.08

1080000	 rho_max_dem=5700.00	u_max_dem= 0.25	ftotal_max_dem= 0.00

save plot...........................
test Particle 4580
time = 0.540000


1081000	 rho_max_sph= 1.78	u_max_sph=24.21	ftotal_max_sph=159179.67

1081000	 rho_max_dem=5700.00	u_max_dem= 0.25	ftotal_max_dem= 0.00

1082000	 rho_max_sph= 1.78	u_max_sph=24.21	ftotal_max_sph=159174.29

1082000	 rho_max_dem=5700.00	u_max_dem= 0.25	ftotal_max_dem= 0.00

1083000	 rho_max_sph= 1.78	u_max_sph=24.21	ftotal_max_sph=159171.28

1083000	 rho_max_dem=5700.00	u_max_dem= 0.25	ftotal_max_dem= 0.00

1084000	 rho_max_sph= 1.78	u_max_sph=24.21	ftotal_max_sph=159169.39

1084000	 rho_max_dem=5700.00	u_max_dem= 0.25	ftotal_max_dem= 0.00

1085000	 rho_max_sph= 1.78	u_max_sph=24.21	ftotal_max_sph=159164.18

1085000	 rho_max_dem=5700.00	u_max_dem= 0.26	ftotal_max_dem= 0.00

1086000	 rho_max_sph= 1.78	u_max_sph=24.21	ftotal_max_sph=159162.52

1086000	 rho_max_dem=5700.00	u_max_dem= 0.26	ftotal_max_dem= 0.00

1087000	 rho_max_sph= 1.78	u_max_sph=24.21	ftotal_max_sph=159160.73

1087000	 rho_max_dem=5700.00	u_max_dem= 0.26	ftotal_max_dem= 0.00

1088000	 rho_max_sph= 1.78	u_max_sph=24.21	ftotal_max_sph=159157.84

1088000	 rho_max_dem=5700.00	u_max_dem= 0.26	ftotal_max_dem= 0.00

1089000	 rho_max_sph= 1.78	u_max_sph=24.21	ftotal_max_sph=159154.00

1089000	 rho_max_dem=5700.00	u_max_dem= 0.22	ftotal_max_dem= 0.00

1090000	 rho_max_sph= 1.78	u_max_sph=24.21	ftotal_max_sph=159150.54

1090000	 rho_max_dem=5700.00	u_max_dem= 0.22	ftotal_max_dem= 0.00

save plot...........................
test Particle 4580
time = 0.545000


1091000	 rho_max_sph= 1.78	u_max_sph=24.21	ftotal_max_sph=159145.80

1091000	 rho_max_dem=5700.00	u_max_dem= 0.22	ftotal_max_dem= 0.00

1092000	 rho_max_sph= 1.78	u_max_sph=24.21	ftotal_max_sph=159143.49

1092000	 rho_max_dem=5700.00	u_max_dem= 0.22	ftotal_max_dem= 0.00

1093000	 rho_max_sph= 1.78	u_max_sph=24.21	ftotal_max_sph=159139.56

1093000	 rho_max_dem=5700.00	u_max_dem= 0.22	ftotal_max_dem= 0.00

1094000	 rho_max_sph= 1.78	u_max_sph=24.21	ftotal_max_sph=159135.47

1094000	 rho_max_dem=5700.00	u_max_dem= 0.22	ftotal_max_dem= 0.00

1095000	 rho_max_sph= 1.78	u_max_sph=24.21	ftotal_max_sph=159131.70

1095000	 rho_max_dem=5700.00	u_max_dem= 0.22	ftotal_max_dem= 0.00

1096000	 rho_max_sph= 1.78	u_max_sph=24.21	ftotal_max_sph=159129.37

1096000	 rho_max_dem=5700.00	u_max_dem= 0.22	ftotal_max_dem= 0.00

1097000	 rho_max_sph= 1.78	u_max_sph=24.21	ftotal_max_sph=159123.45

1097000	 rho_max_dem=5700.00	u_max_dem= 0.22	ftotal_max_dem= 0.00

1098000	 rho_max_sph= 1.78	u_max_sph=24.21	ftotal_max_sph=159121.47

1098000	 rho_max_dem=5700.00	u_max_dem= 0.22	ftotal_max_dem= 0.00

1099000	 rho_max_sph= 1.78	u_max_sph=24.21	ftotal_max_sph=159117.73

1099000	 rho_max_dem=5700.00	u_max_dem= 0.22	ftotal_max_dem= 0.00

1100000	 rho_max_sph= 1.78	u_max_sph=24.21	ftotal_max_sph=159115.20

1100000	 rho_max_dem=5700.00	u_max_dem= 0.22	ftotal_max_dem= 0.00

save plot...........................
test Particle 4580
time = 0.550000


1101000	 rho_max_sph= 1.78	u_max_sph=24.21	ftotal_max_sph=159113.57

1101000	 rho_max_dem=5700.00	u_max_dem= 0.22	ftotal_max_dem= 0.00

1102000	 rho_max_sph= 1.78	u_max_sph=24.21	ftotal_max_sph=159111.44

1102000	 rho_max_dem=5700.00	u_max_dem= 0.22	ftotal_max_dem= 0.00

1103000	 rho_max_sph= 1.78	u_max_sph=24.21	ftotal_max_sph=159106.79

1103000	 rho_max_dem=5700.00	u_max_dem= 0.22	ftotal_max_dem= 0.00

1104000	 rho_max_sph= 1.78	u_max_sph=24.21	ftotal_max_sph=159104.97

1104000	 rho_max_dem=5700.00	u_max_dem= 0.21	ftotal_max_dem= 0.00

1105000	 rho_max_sph= 1.78	u_max_sph=24.21	ftotal_max_sph=159101.95

1105000	 rho_max_dem=5700.00	u_max_dem= 0.21	ftotal_max_dem= 0.00

1106000	 rho_max_sph= 1.78	u_max_sph=24.21	ftotal_max_sph=159100.84

1106000	 rho_max_dem=5700.00	u_max_dem= 0.21	ftotal_max_dem= 0.00

1107000	 rho_max_sph= 1.78	u_max_sph=24.21	ftotal_max_sph=159099.36

1107000	 rho_max_dem=5700.00	u_max_dem= 0.21	ftotal_max_dem= 0.00

1108000	 rho_max_sph= 1.78	u_max_sph=24.21	ftotal_max_sph=159096.99

1108000	 rho_max_dem=5700.00	u_max_dem= 0.21	ftotal_max_dem= 0.00

1109000	 rho_max_sph= 1.78	u_max_sph=24.21	ftotal_max_sph=159094.34

1109000	 rho_max_dem=5700.00	u_max_dem= 0.21	ftotal_max_dem= 0.00

1110000	 rho_max_sph= 1.78	u_max_sph=24.21	ftotal_max_sph=159089.03

1110000	 rho_max_dem=5700.00	u_max_dem= 0.21	ftotal_max_dem= 0.00

save plot...........................
test Particle 4580
time = 0.555000


1111000	 rho_max_sph= 1.78	u_max_sph=24.21	ftotal_max_sph=159085.44

1111000	 rho_max_dem=5700.00	u_max_dem= 0.21	ftotal_max_dem= 0.00

1112000	 rho_max_sph= 1.78	u_max_sph=24.21	ftotal_max_sph=159081.93

1112000	 rho_max_dem=5700.00	u_max_dem= 0.20	ftotal_max_dem= 0.00

1113000	 rho_max_sph= 1.78	u_max_sph=24.21	ftotal_max_sph=159078.68

1113000	 rho_max_dem=5700.00	u_max_dem= 0.20	ftotal_max_dem= 0.00

1114000	 rho_max_sph= 1.78	u_max_sph=24.21	ftotal_max_sph=159073.58

1114000	 rho_max_dem=5700.00	u_max_dem= 0.20	ftotal_max_dem= 0.00

1115000	 rho_max_sph= 1.78	u_max_sph=24.21	ftotal_max_sph=159068.51

1115000	 rho_max_dem=5700.00	u_max_dem= 0.20	ftotal_max_dem= 0.00

1116000	 rho_max_sph= 1.78	u_max_sph=24.21	ftotal_max_sph=159062.15

1116000	 rho_max_dem=5700.00	u_max_dem= 0.20	ftotal_max_dem= 0.00

1117000	 rho_max_sph= 1.78	u_max_sph=24.21	ftotal_max_sph=159058.55

1117000	 rho_max_dem=5700.00	u_max_dem= 0.20	ftotal_max_dem= 0.00

1118000	 rho_max_sph= 1.78	u_max_sph=24.21	ftotal_max_sph=159052.40

1118000	 rho_max_dem=5700.00	u_max_dem= 0.20	ftotal_max_dem= 0.00

1119000	 rho_max_sph= 1.78	u_max_sph=24.21	ftotal_max_sph=159048.15

1119000	 rho_max_dem=5700.00	u_max_dem= 0.20	ftotal_max_dem= 0.00

1120000	 rho_max_sph= 1.78	u_max_sph=24.21	ftotal_max_sph=159040.29

1120000	 rho_max_dem=5700.00	u_max_dem= 0.20	ftotal_max_dem= 0.00

save plot...........................
test Particle 4580
time = 0.560000


1121000	 rho_max_sph= 1.78	u_max_sph=24.21	ftotal_max_sph=159034.78

1121000	 rho_max_dem=5700.00	u_max_dem= 0.20	ftotal_max_dem= 0.00

1122000	 rho_max_sph= 1.78	u_max_sph=24.21	ftotal_max_sph=159031.51

1122000	 rho_max_dem=5700.00	u_max_dem= 0.20	ftotal_max_dem= 0.00

1123000	 rho_max_sph= 1.78	u_max_sph=24.21	ftotal_max_sph=159023.62

1123000	 rho_max_dem=5700.00	u_max_dem= 0.20	ftotal_max_dem= 0.00

1124000	 rho_max_sph= 1.78	u_max_sph=24.21	ftotal_max_sph=159017.65

1124000	 rho_max_dem=5700.00	u_max_dem= 0.20	ftotal_max_dem= 0.00

1125000	 rho_max_sph= 1.78	u_max_sph=24.21	ftotal_max_sph=159013.21

1125000	 rho_max_dem=5700.00	u_max_dem= 0.20	ftotal_max_dem= 0.00

1126000	 rho_max_sph= 1.78	u_max_sph=24.21	ftotal_max_sph=159008.30

1126000	 rho_max_dem=5700.00	u_max_dem= 0.20	ftotal_max_dem= 0.00

1127000	 rho_max_sph= 1.78	u_max_sph=24.21	ftotal_max_sph=159000.67

1127000	 rho_max_dem=5700.00	u_max_dem= 0.20	ftotal_max_dem= 0.00

1128000	 rho_max_sph= 1.78	u_max_sph=24.21	ftotal_max_sph=158994.75

1128000	 rho_max_dem=5700.00	u_max_dem= 0.20	ftotal_max_dem= 0.00

1129000	 rho_max_sph= 1.78	u_max_sph=24.21	ftotal_max_sph=158988.22

1129000	 rho_max_dem=5700.00	u_max_dem= 0.21	ftotal_max_dem= 0.00

1130000	 rho_max_sph= 1.78	u_max_sph=24.21	ftotal_max_sph=158982.73

1130000	 rho_max_dem=5700.00	u_max_dem= 0.21	ftotal_max_dem= 0.00

save plot...........................
test Particle 4580
time = 0.565000


1131000	 rho_max_sph= 1.78	u_max_sph=24.21	ftotal_max_sph=158976.23

1131000	 rho_max_dem=5700.00	u_max_dem= 0.21	ftotal_max_dem= 0.00

1132000	 rho_max_sph= 1.78	u_max_sph=24.21	ftotal_max_sph=158967.75

1132000	 rho_max_dem=5700.00	u_max_dem= 0.21	ftotal_max_dem= 0.00

1133000	 rho_max_sph= 1.78	u_max_sph=24.21	ftotal_max_sph=158959.26

1133000	 rho_max_dem=5700.00	u_max_dem= 0.21	ftotal_max_dem= 0.00

1134000	 rho_max_sph= 1.78	u_max_sph=24.21	ftotal_max_sph=158952.50

1134000	 rho_max_dem=5700.00	u_max_dem= 0.21	ftotal_max_dem= 0.00

1135000	 rho_max_sph= 1.78	u_max_sph=24.21	ftotal_max_sph=158947.54

1135000	 rho_max_dem=5700.00	u_max_dem= 0.21	ftotal_max_dem= 0.00

1136000	 rho_max_sph= 1.78	u_max_sph=24.21	ftotal_max_sph=158943.47

1136000	 rho_max_dem=5700.00	u_max_dem= 0.21	ftotal_max_dem= 0.00

1137000	 rho_max_sph= 1.78	u_max_sph=24.21	ftotal_max_sph=158939.75

1137000	 rho_max_dem=5700.00	u_max_dem= 0.21	ftotal_max_dem= 0.00

1138000	 rho_max_sph= 1.78	u_max_sph=24.21	ftotal_max_sph=158937.08

1138000	 rho_max_dem=5700.00	u_max_dem= 0.21	ftotal_max_dem= 0.00

1139000	 rho_max_sph= 1.78	u_max_sph=24.21	ftotal_max_sph=158933.82

1139000	 rho_max_dem=5700.00	u_max_dem= 0.21	ftotal_max_dem= 0.00

1140000	 rho_max_sph= 1.78	u_max_sph=24.21	ftotal_max_sph=158927.84

1140000	 rho_max_dem=5700.00	u_max_dem= 0.21	ftotal_max_dem= 0.00

save plot...........................
test Particle 4580
time = 0.570000


1141000	 rho_max_sph= 1.78	u_max_sph=24.21	ftotal_max_sph=158921.95

1141000	 rho_max_dem=5700.00	u_max_dem= 0.21	ftotal_max_dem= 0.00

1142000	 rho_max_sph= 1.78	u_max_sph=24.21	ftotal_max_sph=158918.70

1142000	 rho_max_dem=5700.00	u_max_dem= 0.19	ftotal_max_dem= 0.00

1143000	 rho_max_sph= 1.78	u_max_sph=24.21	ftotal_max_sph=158910.74

1143000	 rho_max_dem=5700.00	u_max_dem= 0.19	ftotal_max_dem= 0.00

1144000	 rho_max_sph= 1.78	u_max_sph=24.21	ftotal_max_sph=158908.88

1144000	 rho_max_dem=5700.00	u_max_dem= 0.19	ftotal_max_dem= 0.00

1145000	 rho_max_sph= 1.78	u_max_sph=24.21	ftotal_max_sph=158906.75

1145000	 rho_max_dem=5700.00	u_max_dem= 0.19	ftotal_max_dem= 0.00

1146000	 rho_max_sph= 1.78	u_max_sph=24.21	ftotal_max_sph=158897.90

1146000	 rho_max_dem=5700.00	u_max_dem= 0.19	ftotal_max_dem= 0.00

1147000	 rho_max_sph= 1.78	u_max_sph=24.21	ftotal_max_sph=158892.06

1147000	 rho_max_dem=5700.00	u_max_dem= 0.19	ftotal_max_dem= 0.00

1148000	 rho_max_sph= 1.78	u_max_sph=24.21	ftotal_max_sph=158887.12

1148000	 rho_max_dem=5700.00	u_max_dem= 0.19	ftotal_max_dem= 0.00

1149000	 rho_max_sph= 1.78	u_max_sph=24.21	ftotal_max_sph=158881.02

1149000	 rho_max_dem=5700.00	u_max_dem= 0.19	ftotal_max_dem= 0.00

1150000	 rho_max_sph= 1.78	u_max_sph=24.21	ftotal_max_sph=158874.94

1150000	 rho_max_dem=5700.00	u_max_dem= 0.19	ftotal_max_dem= 0.00

save plot...........................
test Particle 4580
time = 0.575000


1151000	 rho_max_sph= 1.78	u_max_sph=24.21	ftotal_max_sph=158870.30

1151000	 rho_max_dem=5700.00	u_max_dem= 0.20	ftotal_max_dem= 0.00

1152000	 rho_max_sph= 1.78	u_max_sph=24.21	ftotal_max_sph=158865.80

1152000	 rho_max_dem=5700.00	u_max_dem= 0.20	ftotal_max_dem= 0.00

1153000	 rho_max_sph= 1.78	u_max_sph=24.21	ftotal_max_sph=158858.21

1153000	 rho_max_dem=5700.00	u_max_dem= 0.20	ftotal_max_dem= 0.00

1154000	 rho_max_sph= 1.78	u_max_sph=24.21	ftotal_max_sph=158857.21

1154000	 rho_max_dem=5700.00	u_max_dem= 0.18	ftotal_max_dem= 0.00

1155000	 rho_max_sph= 1.78	u_max_sph=24.21	ftotal_max_sph=158852.39

1155000	 rho_max_dem=5700.00	u_max_dem= 0.18	ftotal_max_dem= 0.00

1156000	 rho_max_sph= 1.78	u_max_sph=24.21	ftotal_max_sph=158846.04

1156000	 rho_max_dem=5700.00	u_max_dem= 0.17	ftotal_max_dem= 0.00

1157000	 rho_max_sph= 1.78	u_max_sph=24.21	ftotal_max_sph=158835.11

1157000	 rho_max_dem=5700.00	u_max_dem= 0.17	ftotal_max_dem= 0.00

1158000	 rho_max_sph= 1.78	u_max_sph=24.21	ftotal_max_sph=158820.40

1158000	 rho_max_dem=5700.00	u_max_dem= 0.17	ftotal_max_dem= 0.00

1159000	 rho_max_sph= 1.78	u_max_sph=24.21	ftotal_max_sph=158804.18

1159000	 rho_max_dem=5700.00	u_max_dem= 0.17	ftotal_max_dem= 0.00

1160000	 rho_max_sph= 1.78	u_max_sph=24.21	ftotal_max_sph=158787.98

1160000	 rho_max_dem=5700.00	u_max_dem= 0.17	ftotal_max_dem= 0.00

save plot...........................
test Particle 4580
time = 0.580000


1161000	 rho_max_sph= 1.78	u_max_sph=24.21	ftotal_max_sph=158776.98

1161000	 rho_max_dem=5700.00	u_max_dem= 0.18	ftotal_max_dem= 0.00

1162000	 rho_max_sph= 1.78	u_max_sph=24.21	ftotal_max_sph=158766.44

1162000	 rho_max_dem=5700.00	u_max_dem= 0.18	ftotal_max_dem= 0.00

1163000	 rho_max_sph= 1.78	u_max_sph=24.21	ftotal_max_sph=158759.99

1163000	 rho_max_dem=5700.00	u_max_dem= 0.18	ftotal_max_dem= 0.00

1164000	 rho_max_sph= 1.78	u_max_sph=24.21	ftotal_max_sph=158748.01

1164000	 rho_max_dem=5700.00	u_max_dem= 0.18	ftotal_max_dem= 0.00

1165000	 rho_max_sph= 1.78	u_max_sph=24.21	ftotal_max_sph=158726.76

1165000	 rho_max_dem=5700.00	u_max_dem= 0.18	ftotal_max_dem= 0.00

1166000	 rho_max_sph= 1.78	u_max_sph=24.21	ftotal_max_sph=158707.52

1166000	 rho_max_dem=5700.00	u_max_dem= 0.18	ftotal_max_dem= 0.00

1167000	 rho_max_sph= 1.78	u_max_sph=24.21	ftotal_max_sph=158684.57

1167000	 rho_max_dem=5700.00	u_max_dem= 0.18	ftotal_max_dem= 0.00

1168000	 rho_max_sph= 1.78	u_max_sph=24.21	ftotal_max_sph=158660.80

1168000	 rho_max_dem=5700.00	u_max_dem= 0.18	ftotal_max_dem= 0.00

1169000	 rho_max_sph= 1.78	u_max_sph=24.21	ftotal_max_sph=158639.33

1169000	 rho_max_dem=5700.00	u_max_dem= 0.18	ftotal_max_dem= 0.00

1170000	 rho_max_sph= 1.78	u_max_sph=24.21	ftotal_max_sph=158620.68

1170000	 rho_max_dem=5700.00	u_max_dem= 0.18	ftotal_max_dem= 0.00

save plot...........................
test Particle 4580
time = 0.585000


1171000	 rho_max_sph= 1.78	u_max_sph=24.21	ftotal_max_sph=158596.52

1171000	 rho_max_dem=5700.00	u_max_dem= 0.19	ftotal_max_dem= 0.00

1172000	 rho_max_sph= 1.78	u_max_sph=24.21	ftotal_max_sph=158573.58

1172000	 rho_max_dem=5700.00	u_max_dem= 0.19	ftotal_max_dem= 0.00

1173000	 rho_max_sph= 1.78	u_max_sph=24.21	ftotal_max_sph=158544.64

1173000	 rho_max_dem=5700.00	u_max_dem= 0.19	ftotal_max_dem= 0.00

1174000	 rho_max_sph= 1.78	u_max_sph=24.21	ftotal_max_sph=158511.40

1174000	 rho_max_dem=5700.00	u_max_dem= 0.19	ftotal_max_dem= 0.00

1175000	 rho_max_sph= 1.78	u_max_sph=24.21	ftotal_max_sph=158479.04

1175000	 rho_max_dem=5700.00	u_max_dem= 0.20	ftotal_max_dem= 0.00

1176000	 rho_max_sph= 1.78	u_max_sph=24.21	ftotal_max_sph=158430.70

1176000	 rho_max_dem=5700.00	u_max_dem= 0.20	ftotal_max_dem= 0.00

1177000	 rho_max_sph= 1.78	u_max_sph=24.21	ftotal_max_sph=158380.62

1177000	 rho_max_dem=5700.00	u_max_dem= 0.20	ftotal_max_dem= 0.00

1178000	 rho_max_sph= 1.78	u_max_sph=24.21	ftotal_max_sph=158335.12

1178000	 rho_max_dem=5700.00	u_max_dem= 0.21	ftotal_max_dem= 0.00

1179000	 rho_max_sph= 1.78	u_max_sph=24.21	ftotal_max_sph=158279.31

1179000	 rho_max_dem=5700.00	u_max_dem= 0.21	ftotal_max_dem= 0.00

1180000	 rho_max_sph= 1.78	u_max_sph=24.21	ftotal_max_sph=158220.83

1180000	 rho_max_dem=5700.00	u_max_dem= 0.21	ftotal_max_dem= 0.00

save plot...........................
test Particle 4580
time = 0.590000


1181000	 rho_max_sph= 1.78	u_max_sph=24.21	ftotal_max_sph=158158.26

1181000	 rho_max_dem=5700.00	u_max_dem= 0.22	ftotal_max_dem= 0.00

1182000	 rho_max_sph= 1.78	u_max_sph=24.21	ftotal_max_sph=158091.80

1182000	 rho_max_dem=5700.00	u_max_dem= 0.22	ftotal_max_dem= 0.00

1183000	 rho_max_sph= 1.78	u_max_sph=24.21	ftotal_max_sph=158026.06

1183000	 rho_max_dem=5700.00	u_max_dem= 0.22	ftotal_max_dem= 0.00

1184000	 rho_max_sph= 1.78	u_max_sph=24.21	ftotal_max_sph=157953.45

1184000	 rho_max_dem=5700.00	u_max_dem= 0.23	ftotal_max_dem= 0.00

1185000	 rho_max_sph= 1.78	u_max_sph=24.21	ftotal_max_sph=157888.68

1185000	 rho_max_dem=5700.00	u_max_dem= 0.23	ftotal_max_dem= 0.00

1186000	 rho_max_sph= 1.78	u_max_sph=24.21	ftotal_max_sph=157811.22

1186000	 rho_max_dem=5700.00	u_max_dem= 0.24	ftotal_max_dem= 0.00

1187000	 rho_max_sph= 1.78	u_max_sph=24.21	ftotal_max_sph=157747.14

1187000	 rho_max_dem=5700.00	u_max_dem= 0.24	ftotal_max_dem= 0.00

1188000	 rho_max_sph= 1.78	u_max_sph=24.21	ftotal_max_sph=157672.57

1188000	 rho_max_dem=5700.00	u_max_dem= 0.25	ftotal_max_dem= 0.00

1189000	 rho_max_sph= 1.78	u_max_sph=24.21	ftotal_max_sph=157598.07

1189000	 rho_max_dem=5700.00	u_max_dem= 0.25	ftotal_max_dem= 0.00

1190000	 rho_max_sph= 1.78	u_max_sph=24.21	ftotal_max_sph=157533.14

1190000	 rho_max_dem=5700.00	u_max_dem= 0.25	ftotal_max_dem= 0.00

save plot...........................
test Particle 4580
time = 0.595000


1191000	 rho_max_sph= 1.78	u_max_sph=24.21	ftotal_max_sph=157464.33

1191000	 rho_max_dem=5700.00	u_max_dem= 0.26	ftotal_max_dem= 0.00

1192000	 rho_max_sph= 1.78	u_max_sph=24.21	ftotal_max_sph=157398.38

1192000	 rho_max_dem=5700.00	u_max_dem= 0.26	ftotal_max_dem= 0.00

1193000	 rho_max_sph= 1.78	u_max_sph=24.21	ftotal_max_sph=157334.68

1193000	 rho_max_dem=5700.00	u_max_dem= 0.20	ftotal_max_dem= 0.00

1194000	 rho_max_sph= 1.78	u_max_sph=24.21	ftotal_max_sph=157273.28

1194000	 rho_max_dem=5700.00	u_max_dem= 0.20	ftotal_max_dem= 0.00

1195000	 rho_max_sph= 1.78	u_max_sph=24.21	ftotal_max_sph=157206.22

1195000	 rho_max_dem=5700.00	u_max_dem= 0.20	ftotal_max_dem= 0.00

1196000	 rho_max_sph= 1.78	u_max_sph=24.21	ftotal_max_sph=157159.21

1196000	 rho_max_dem=5700.00	u_max_dem= 0.21	ftotal_max_dem= 0.00

1197000	 rho_max_sph= 1.78	u_max_sph=24.21	ftotal_max_sph=157144.58

1197000	 rho_max_dem=5700.00	u_max_dem= 0.21	ftotal_max_dem= 0.00

1198000	 rho_max_sph= 1.78	u_max_sph=24.21	ftotal_max_sph=157135.94

1198000	 rho_max_dem=5700.00	u_max_dem= 0.22	ftotal_max_dem= 0.00

1199000	 rho_max_sph= 1.78	u_max_sph=24.21	ftotal_max_sph=157147.74

1199000	 rho_max_dem=5700.00	u_max_dem= 0.22	ftotal_max_dem= 0.00

1200000	 rho_max_sph= 1.78	u_max_sph=24.21	ftotal_max_sph=157156.70

1200000	 rho_max_dem=5700.00	u_max_dem= 0.23	ftotal_max_dem= 0.00

save plot...........................
test Particle 4580
time = 0.600000


1201000	 rho_max_sph= 1.78	u_max_sph=24.21	ftotal_max_sph=157175.59

1201000	 rho_max_dem=5700.00	u_max_dem= 0.23	ftotal_max_dem= 0.00

1202000	 rho_max_sph= 1.78	u_max_sph=24.21	ftotal_max_sph=157191.05

1202000	 rho_max_dem=5700.00	u_max_dem= 0.24	ftotal_max_dem= 0.00

1203000	 rho_max_sph= 1.78	u_max_sph=24.21	ftotal_max_sph=157211.85

1203000	 rho_max_dem=5700.00	u_max_dem= 0.24	ftotal_max_dem= 0.00

1204000	 rho_max_sph= 1.78	u_max_sph=24.21	ftotal_max_sph=157236.36

1204000	 rho_max_dem=5700.00	u_max_dem= 0.24	ftotal_max_dem= 0.00

1205000	 rho_max_sph= 1.78	u_max_sph=24.21	ftotal_max_sph=157256.86

1205000	 rho_max_dem=5700.00	u_max_dem= 0.21	ftotal_max_dem= 0.00

1206000	 rho_max_sph= 1.78	u_max_sph=24.21	ftotal_max_sph=157281.01

1206000	 rho_max_dem=5700.00	u_max_dem= 0.21	ftotal_max_dem= 0.00

1207000	 rho_max_sph= 1.78	u_max_sph=24.21	ftotal_max_sph=157307.69

1207000	 rho_max_dem=5700.00	u_max_dem= 0.22	ftotal_max_dem= 0.00

1208000	 rho_max_sph= 1.78	u_max_sph=24.21	ftotal_max_sph=157339.71

1208000	 rho_max_dem=5700.00	u_max_dem= 0.22	ftotal_max_dem= 0.00

1209000	 rho_max_sph= 1.78	u_max_sph=24.21	ftotal_max_sph=157379.11

1209000	 rho_max_dem=5700.00	u_max_dem= 0.22	ftotal_max_dem= 0.00

1210000	 rho_max_sph= 1.78	u_max_sph=24.21	ftotal_max_sph=157426.25

1210000	 rho_max_dem=5700.00	u_max_dem= 0.19	ftotal_max_dem= 0.00

save plot...........................
test Particle 4580
time = 0.605000


1211000	 rho_max_sph= 1.78	u_max_sph=24.21	ftotal_max_sph=157471.56

1211000	 rho_max_dem=5700.00	u_max_dem= 0.19	ftotal_max_dem= 0.00

1212000	 rho_max_sph= 1.78	u_max_sph=24.21	ftotal_max_sph=157505.61

1212000	 rho_max_dem=5700.00	u_max_dem= 0.20	ftotal_max_dem= 0.00

1213000	 rho_max_sph= 1.78	u_max_sph=24.21	ftotal_max_sph=157532.84

1213000	 rho_max_dem=5700.00	u_max_dem= 0.20	ftotal_max_dem= 0.00

1214000	 rho_max_sph= 1.78	u_max_sph=24.21	ftotal_max_sph=157566.65

1214000	 rho_max_dem=5700.00	u_max_dem= 0.21	ftotal_max_dem= 0.00

1215000	 rho_max_sph= 1.78	u_max_sph=24.21	ftotal_max_sph=157602.72

1215000	 rho_max_dem=5700.00	u_max_dem= 0.22	ftotal_max_dem= 0.00

1216000	 rho_max_sph= 1.78	u_max_sph=24.21	ftotal_max_sph=157635.88

1216000	 rho_max_dem=5700.00	u_max_dem= 0.23	ftotal_max_dem= 0.00

1217000	 rho_max_sph= 1.78	u_max_sph=24.21	ftotal_max_sph=157666.63

1217000	 rho_max_dem=5700.00	u_max_dem= 0.24	ftotal_max_dem= 0.00

1218000	 rho_max_sph= 1.78	u_max_sph=24.21	ftotal_max_sph=157697.23

1218000	 rho_max_dem=5700.00	u_max_dem= 0.25	ftotal_max_dem= 0.00

1219000	 rho_max_sph= 1.78	u_max_sph=24.21	ftotal_max_sph=157733.02

1219000	 rho_max_dem=5700.00	u_max_dem= 0.25	ftotal_max_dem= 0.00

1220000	 rho_max_sph= 1.78	u_max_sph=24.21	ftotal_max_sph=157772.81

1220000	 rho_max_dem=5700.00	u_max_dem= 0.26	ftotal_max_dem= 0.00

save plot...........................
test Particle 4580
time = 0.610000


1221000	 rho_max_sph= 1.78	u_max_sph=24.21	ftotal_max_sph=157808.18

1221000	 rho_max_dem=5700.00	u_max_dem= 0.27	ftotal_max_dem= 0.00

1222000	 rho_max_sph= 1.78	u_max_sph=24.21	ftotal_max_sph=157846.68

1222000	 rho_max_dem=5700.00	u_max_dem= 0.28	ftotal_max_dem= 0.00

1223000	 rho_max_sph= 1.78	u_max_sph=24.21	ftotal_max_sph=157878.93

1223000	 rho_max_dem=5700.00	u_max_dem= 0.27	ftotal_max_dem= 0.00

1224000	 rho_max_sph= 1.78	u_max_sph=24.21	ftotal_max_sph=157903.83

1224000	 rho_max_dem=5700.00	u_max_dem= 0.28	ftotal_max_dem= 0.00

1225000	 rho_max_sph= 1.78	u_max_sph=24.21	ftotal_max_sph=157925.05

1225000	 rho_max_dem=5700.00	u_max_dem= 0.28	ftotal_max_dem= 0.00

1226000	 rho_max_sph= 1.78	u_max_sph=24.21	ftotal_max_sph=157939.66

1226000	 rho_max_dem=5700.00	u_max_dem= 0.29	ftotal_max_dem= 0.00

1227000	 rho_max_sph= 1.78	u_max_sph=24.21	ftotal_max_sph=157952.97

1227000	 rho_max_dem=5700.00	u_max_dem= 0.30	ftotal_max_dem= 0.00

1228000	 rho_max_sph= 1.78	u_max_sph=24.21	ftotal_max_sph=157966.99

1228000	 rho_max_dem=5700.00	u_max_dem= 0.31	ftotal_max_dem= 0.00

1229000	 rho_max_sph= 1.78	u_max_sph=24.21	ftotal_max_sph=158007.04

1229000	 rho_max_dem=5700.00	u_max_dem= 0.33	ftotal_max_dem= 0.00

1230000	 rho_max_sph= 1.78	u_max_sph=24.21	ftotal_max_sph=158042.48

1230000	 rho_max_dem=5700.00	u_max_dem= 0.34	ftotal_max_dem= 0.00

save plot...........................
test Particle 4580
time = 0.615000


1231000	 rho_max_sph= 1.78	u_max_sph=24.21	ftotal_max_sph=158077.58

1231000	 rho_max_dem=5700.00	u_max_dem= 0.43	ftotal_max_dem= 0.00

1232000	 rho_max_sph= 1.78	u_max_sph=24.21	ftotal_max_sph=158109.55

1232000	 rho_max_dem=5700.00	u_max_dem= 0.40	ftotal_max_dem= 0.00

1233000	 rho_max_sph= 1.78	u_max_sph=24.21	ftotal_max_sph=158140.81

1233000	 rho_max_dem=5700.00	u_max_dem= 0.40	ftotal_max_dem= 0.00

1234000	 rho_max_sph= 1.78	u_max_sph=24.21	ftotal_max_sph=158172.54

1234000	 rho_max_dem=5700.00	u_max_dem= 0.40	ftotal_max_dem= 0.00

1235000	 rho_max_sph= 1.78	u_max_sph=24.21	ftotal_max_sph=158206.21

1235000	 rho_max_dem=5700.00	u_max_dem= 0.41	ftotal_max_dem= 0.00

1236000	 rho_max_sph= 1.78	u_max_sph=24.21	ftotal_max_sph=158238.16

1236000	 rho_max_dem=5700.00	u_max_dem= 0.41	ftotal_max_dem= 0.00

1237000	 rho_max_sph= 1.78	u_max_sph=24.21	ftotal_max_sph=158274.18

1237000	 rho_max_dem=5700.00	u_max_dem= 0.41	ftotal_max_dem= 0.00

1238000	 rho_max_sph= 1.78	u_max_sph=24.21	ftotal_max_sph=158310.12

1238000	 rho_max_dem=5700.00	u_max_dem= 0.41	ftotal_max_dem= 0.00

1239000	 rho_max_sph= 1.78	u_max_sph=24.21	ftotal_max_sph=158347.51

1239000	 rho_max_dem=5700.00	u_max_dem= 0.37	ftotal_max_dem= 0.00

1240000	 rho_max_sph= 1.78	u_max_sph=24.21	ftotal_max_sph=158388.55

1240000	 rho_max_dem=5700.00	u_max_dem= 0.38	ftotal_max_dem= 0.00

save plot...........................
test Particle 4580
time = 0.620000


1241000	 rho_max_sph= 1.78	u_max_sph=24.21	ftotal_max_sph=158428.44

1241000	 rho_max_dem=5700.00	u_max_dem= 0.38	ftotal_max_dem= 0.00

1242000	 rho_max_sph= 1.78	u_max_sph=24.21	ftotal_max_sph=158464.38

1242000	 rho_max_dem=5700.00	u_max_dem= 0.38	ftotal_max_dem= 0.00

1243000	 rho_max_sph= 1.78	u_max_sph=24.21	ftotal_max_sph=158497.64

1243000	 rho_max_dem=5700.00	u_max_dem= 0.38	ftotal_max_dem= 0.00

1244000	 rho_max_sph= 1.78	u_max_sph=24.21	ftotal_max_sph=158526.75

1244000	 rho_max_dem=5700.00	u_max_dem= 0.39	ftotal_max_dem= 0.00

1245000	 rho_max_sph= 1.78	u_max_sph=24.21	ftotal_max_sph=158555.38

1245000	 rho_max_dem=5700.00	u_max_dem= 0.39	ftotal_max_dem= 0.00

1246000	 rho_max_sph= 1.78	u_max_sph=24.21	ftotal_max_sph=158578.78

1246000	 rho_max_dem=5700.00	u_max_dem= 0.40	ftotal_max_dem= 0.00

1247000	 rho_max_sph= 1.78	u_max_sph=24.21	ftotal_max_sph=158600.90

1247000	 rho_max_dem=5700.00	u_max_dem= 0.41	ftotal_max_dem= 0.00

1248000	 rho_max_sph= 1.78	u_max_sph=24.21	ftotal_max_sph=158617.94

1248000	 rho_max_dem=5700.00	u_max_dem= 0.41	ftotal_max_dem= 0.00

1249000	 rho_max_sph= 1.78	u_max_sph=24.21	ftotal_max_sph=158640.21

1249000	 rho_max_dem=5700.00	u_max_dem= 0.42	ftotal_max_dem= 0.00

1250000	 rho_max_sph= 1.78	u_max_sph=24.21	ftotal_max_sph=158653.84

1250000	 rho_max_dem=5700.00	u_max_dem= 0.42	ftotal_max_dem= 0.00

save plot...........................
test Particle 4580
time = 0.625000


1251000	 rho_max_sph= 1.78	u_max_sph=24.21	ftotal_max_sph=158664.94

1251000	 rho_max_dem=5700.00	u_max_dem= 0.42	ftotal_max_dem= 0.00

1252000	 rho_max_sph= 1.78	u_max_sph=24.21	ftotal_max_sph=158677.35

1252000	 rho_max_dem=5700.00	u_max_dem= 0.42	ftotal_max_dem= 0.00

1253000	 rho_max_sph= 1.78	u_max_sph=24.21	ftotal_max_sph=158688.75

1253000	 rho_max_dem=5700.00	u_max_dem= 0.39	ftotal_max_dem= 0.00

1254000	 rho_max_sph= 1.78	u_max_sph=24.21	ftotal_max_sph=158700.16

1254000	 rho_max_dem=5700.00	u_max_dem= 0.39	ftotal_max_dem= 0.00

1255000	 rho_max_sph= 1.78	u_max_sph=24.21	ftotal_max_sph=158712.16

1255000	 rho_max_dem=5700.00	u_max_dem= 0.27	ftotal_max_dem= 0.00

1256000	 rho_max_sph= 1.78	u_max_sph=24.21	ftotal_max_sph=158719.94

1256000	 rho_max_dem=5700.00	u_max_dem= 0.28	ftotal_max_dem= 0.00

1257000	 rho_max_sph= 1.78	u_max_sph=24.21	ftotal_max_sph=158730.36

1257000	 rho_max_dem=5700.00	u_max_dem= 0.28	ftotal_max_dem= 0.00

1258000	 rho_max_sph= 1.78	u_max_sph=24.21	ftotal_max_sph=158737.86

1258000	 rho_max_dem=5700.00	u_max_dem= 0.29	ftotal_max_dem= 0.00

1259000	 rho_max_sph= 1.78	u_max_sph=24.21	ftotal_max_sph=158748.20

1259000	 rho_max_dem=5700.00	u_max_dem= 0.30	ftotal_max_dem= 0.00

1260000	 rho_max_sph= 1.78	u_max_sph=24.21	ftotal_max_sph=158756.59

1260000	 rho_max_dem=5700.00	u_max_dem= 0.31	ftotal_max_dem= 0.00

save plot...........................
test Particle 4580
time = 0.630000


1261000	 rho_max_sph= 1.78	u_max_sph=24.21	ftotal_max_sph=158763.81

1261000	 rho_max_dem=5700.00	u_max_dem= 0.31	ftotal_max_dem= 0.00

1262000	 rho_max_sph= 1.78	u_max_sph=24.21	ftotal_max_sph=158771.34

1262000	 rho_max_dem=5700.00	u_max_dem= 0.31	ftotal_max_dem= 0.00

1263000	 rho_max_sph= 1.78	u_max_sph=24.21	ftotal_max_sph=158777.35

1263000	 rho_max_dem=5700.00	u_max_dem= 0.31	ftotal_max_dem= 0.00

1264000	 rho_max_sph= 1.78	u_max_sph=24.21	ftotal_max_sph=158787.05

1264000	 rho_max_dem=5700.00	u_max_dem= 0.31	ftotal_max_dem= 0.00

1265000	 rho_max_sph= 1.78	u_max_sph=24.21	ftotal_max_sph=158795.60

1265000	 rho_max_dem=5700.00	u_max_dem= 0.31	ftotal_max_dem= 0.00

1266000	 rho_max_sph= 1.78	u_max_sph=24.21	ftotal_max_sph=158804.10

1266000	 rho_max_dem=5700.00	u_max_dem= 0.32	ftotal_max_dem= 0.00

1267000	 rho_max_sph= 1.78	u_max_sph=24.21	ftotal_max_sph=158810.36

1267000	 rho_max_dem=5700.00	u_max_dem= 0.30	ftotal_max_dem= 0.00

1268000	 rho_max_sph= 1.78	u_max_sph=24.21	ftotal_max_sph=158818.42

1268000	 rho_max_dem=5700.00	u_max_dem= 0.30	ftotal_max_dem= 0.00

1269000	 rho_max_sph= 1.78	u_max_sph=24.21	ftotal_max_sph=158823.90

1269000	 rho_max_dem=5700.00	u_max_dem= 0.30	ftotal_max_dem= 0.00

1270000	 rho_max_sph= 1.78	u_max_sph=24.21	ftotal_max_sph=158831.81

1270000	 rho_max_dem=5700.00	u_max_dem= 0.30	ftotal_max_dem= 0.00

save plot...........................
test Particle 4580
time = 0.635000


1271000	 rho_max_sph= 1.78	u_max_sph=24.21	ftotal_max_sph=158837.79

1271000	 rho_max_dem=5700.00	u_max_dem= 0.29	ftotal_max_dem= 0.00

1272000	 rho_max_sph= 1.78	u_max_sph=24.21	ftotal_max_sph=158841.84

1272000	 rho_max_dem=5700.00	u_max_dem= 0.30	ftotal_max_dem= 0.00

1273000	 rho_max_sph= 1.78	u_max_sph=24.21	ftotal_max_sph=158852.82

1273000	 rho_max_dem=5700.00	u_max_dem= 0.30	ftotal_max_dem= 0.00

1274000	 rho_max_sph= 1.78	u_max_sph=24.21	ftotal_max_sph=158857.64

1274000	 rho_max_dem=5700.00	u_max_dem= 0.31	ftotal_max_dem= 0.00

1275000	 rho_max_sph= 1.78	u_max_sph=24.21	ftotal_max_sph=158870.46

1275000	 rho_max_dem=5700.00	u_max_dem= 0.29	ftotal_max_dem= 0.00

1276000	 rho_max_sph= 1.78	u_max_sph=24.21	ftotal_max_sph=158881.02

1276000	 rho_max_dem=5700.00	u_max_dem= 0.30	ftotal_max_dem= 0.00

1277000	 rho_max_sph= 1.78	u_max_sph=24.21	ftotal_max_sph=158889.11

1277000	 rho_max_dem=5700.00	u_max_dem= 0.28	ftotal_max_dem= 0.00

1278000	 rho_max_sph= 1.78	u_max_sph=24.21	ftotal_max_sph=158896.94

1278000	 rho_max_dem=5700.00	u_max_dem= 0.28	ftotal_max_dem= 0.00

1279000	 rho_max_sph= 1.78	u_max_sph=24.21	ftotal_max_sph=158905.26

1279000	 rho_max_dem=5700.00	u_max_dem= 0.28	ftotal_max_dem= 0.00

1280000	 rho_max_sph= 1.78	u_max_sph=24.21	ftotal_max_sph=158911.60

1280000	 rho_max_dem=5700.00	u_max_dem= 0.29	ftotal_max_dem= 0.00

save plot...........................
test Particle 4580
time = 0.640000


1281000	 rho_max_sph= 1.78	u_max_sph=24.21	ftotal_max_sph=158919.26

1281000	 rho_max_dem=5700.00	u_max_dem= 0.27	ftotal_max_dem= 0.00

1282000	 rho_max_sph= 1.78	u_max_sph=24.21	ftotal_max_sph=158927.91

1282000	 rho_max_dem=5700.00	u_max_dem= 0.27	ftotal_max_dem= 0.00

1283000	 rho_max_sph= 1.78	u_max_sph=24.21	ftotal_max_sph=158935.61

1283000	 rho_max_dem=5700.00	u_max_dem= 0.27	ftotal_max_dem= 0.00

1284000	 rho_max_sph= 1.78	u_max_sph=24.21	ftotal_max_sph=158944.64

1284000	 rho_max_dem=5700.00	u_max_dem= 0.27	ftotal_max_dem= 0.00

1285000	 rho_max_sph= 1.78	u_max_sph=24.21	ftotal_max_sph=158951.69

1285000	 rho_max_dem=5700.00	u_max_dem= 0.27	ftotal_max_dem= 0.00

1286000	 rho_max_sph= 1.78	u_max_sph=24.21	ftotal_max_sph=158958.14

1286000	 rho_max_dem=5700.00	u_max_dem= 0.28	ftotal_max_dem= 0.00

1287000	 rho_max_sph= 1.78	u_max_sph=24.21	ftotal_max_sph=158963.40

1287000	 rho_max_dem=5700.00	u_max_dem= 0.28	ftotal_max_dem= 0.00

1288000	 rho_max_sph= 1.78	u_max_sph=24.21	ftotal_max_sph=158968.03

1288000	 rho_max_dem=5700.00	u_max_dem= 0.26	ftotal_max_dem= 0.00

1289000	 rho_max_sph= 1.78	u_max_sph=24.21	ftotal_max_sph=158976.11

1289000	 rho_max_dem=5700.00	u_max_dem= 0.27	ftotal_max_dem= 0.00

1290000	 rho_max_sph= 1.78	u_max_sph=24.21	ftotal_max_sph=158979.80

1290000	 rho_max_dem=5700.00	u_max_dem= 0.27	ftotal_max_dem= 0.00

save plot...........................
test Particle 4580
time = 0.645000


1291000	 rho_max_sph= 1.78	u_max_sph=24.21	ftotal_max_sph=158982.86

1291000	 rho_max_dem=5700.00	u_max_dem= 0.27	ftotal_max_dem= 0.00

1292000	 rho_max_sph= 1.78	u_max_sph=24.21	ftotal_max_sph=158987.06

1292000	 rho_max_dem=5700.00	u_max_dem= 0.28	ftotal_max_dem= 0.00

1293000	 rho_max_sph= 1.78	u_max_sph=24.21	ftotal_max_sph=158988.07

1293000	 rho_max_dem=5700.00	u_max_dem= 0.28	ftotal_max_dem= 0.00

1294000	 rho_max_sph= 1.78	u_max_sph=24.21	ftotal_max_sph=158996.09

1294000	 rho_max_dem=5700.00	u_max_dem= 0.28	ftotal_max_dem= 0.00

1295000	 rho_max_sph= 1.78	u_max_sph=24.21	ftotal_max_sph=159000.98

1295000	 rho_max_dem=5700.00	u_max_dem= 0.29	ftotal_max_dem= 0.00

1296000	 rho_max_sph= 1.78	u_max_sph=24.21	ftotal_max_sph=159006.24

1296000	 rho_max_dem=5700.00	u_max_dem= 0.29	ftotal_max_dem= 0.00

1297000	 rho_max_sph= 1.78	u_max_sph=24.21	ftotal_max_sph=159010.40

1297000	 rho_max_dem=5700.00	u_max_dem= 0.29	ftotal_max_dem= 0.00

1298000	 rho_max_sph= 1.78	u_max_sph=24.21	ftotal_max_sph=159013.65

1298000	 rho_max_dem=5700.00	u_max_dem= 0.30	ftotal_max_dem= 0.00

1299000	 rho_max_sph= 1.78	u_max_sph=24.21	ftotal_max_sph=159016.13

1299000	 rho_max_dem=5700.00	u_max_dem= 0.26	ftotal_max_dem= 0.00

1300000	 rho_max_sph= 1.78	u_max_sph=24.21	ftotal_max_sph=159021.59

1300000	 rho_max_dem=5700.00	u_max_dem= 0.26	ftotal_max_dem= 0.00

save plot...........................
test Particle 4580
time = 0.650000


1301000	 rho_max_sph= 1.78	u_max_sph=24.21	ftotal_max_sph=159025.68

1301000	 rho_max_dem=5700.00	u_max_dem= 0.26	ftotal_max_dem= 0.00

1302000	 rho_max_sph= 1.78	u_max_sph=24.21	ftotal_max_sph=159029.33

1302000	 rho_max_dem=5700.00	u_max_dem= 0.31	ftotal_max_dem= 0.00

1303000	 rho_max_sph= 1.78	u_max_sph=24.21	ftotal_max_sph=159032.61

1303000	 rho_max_dem=5700.00	u_max_dem= 0.25	ftotal_max_dem= 0.00

1304000	 rho_max_sph= 1.78	u_max_sph=24.21	ftotal_max_sph=159035.12

1304000	 rho_max_dem=5700.00	u_max_dem= 0.25	ftotal_max_dem= 0.00

1305000	 rho_max_sph= 1.78	u_max_sph=24.21	ftotal_max_sph=159041.35

1305000	 rho_max_dem=5700.00	u_max_dem= 0.25	ftotal_max_dem= 0.00

1306000	 rho_max_sph= 1.78	u_max_sph=24.21	ftotal_max_sph=159046.40

1306000	 rho_max_dem=5700.00	u_max_dem= 0.25	ftotal_max_dem= 0.00

1307000	 rho_max_sph= 1.78	u_max_sph=24.21	ftotal_max_sph=159050.75

1307000	 rho_max_dem=5700.00	u_max_dem= 0.25	ftotal_max_dem= 0.00

1308000	 rho_max_sph= 1.78	u_max_sph=24.21	ftotal_max_sph=159055.37

1308000	 rho_max_dem=5700.00	u_max_dem= 0.24	ftotal_max_dem= 0.00

1309000	 rho_max_sph= 1.78	u_max_sph=24.21	ftotal_max_sph=159063.48

1309000	 rho_max_dem=5700.00	u_max_dem= 0.25	ftotal_max_dem= 0.00

1310000	 rho_max_sph= 1.78	u_max_sph=24.21	ftotal_max_sph=159065.84

1310000	 rho_max_dem=5700.00	u_max_dem= 0.25	ftotal_max_dem= 0.00

save plot...........................
test Particle 4580
time = 0.655000


1311000	 rho_max_sph= 1.78	u_max_sph=24.21	ftotal_max_sph=159069.96

1311000	 rho_max_dem=5700.00	u_max_dem= 0.25	ftotal_max_dem= 0.00

1312000	 rho_max_sph= 1.78	u_max_sph=24.21	ftotal_max_sph=159071.65

1312000	 rho_max_dem=5700.00	u_max_dem= 0.26	ftotal_max_dem= 0.00

1313000	 rho_max_sph= 1.78	u_max_sph=24.21	ftotal_max_sph=159073.99

1313000	 rho_max_dem=5700.00	u_max_dem= 0.26	ftotal_max_dem= 0.00

1314000	 rho_max_sph= 1.78	u_max_sph=24.21	ftotal_max_sph=159076.37

1314000	 rho_max_dem=5700.00	u_max_dem= 0.26	ftotal_max_dem= 0.00

1315000	 rho_max_sph= 1.78	u_max_sph=24.21	ftotal_max_sph=159080.15

1315000	 rho_max_dem=5700.00	u_max_dem= 0.26	ftotal_max_dem= 0.00

1316000	 rho_max_sph= 1.78	u_max_sph=24.21	ftotal_max_sph=159082.16

1316000	 rho_max_dem=5700.00	u_max_dem= 0.25	ftotal_max_dem= 0.00

1317000	 rho_max_sph= 1.78	u_max_sph=24.21	ftotal_max_sph=159081.78

1317000	 rho_max_dem=5700.00	u_max_dem= 0.24	ftotal_max_dem= 0.00

1318000	 rho_max_sph= 1.78	u_max_sph=24.21	ftotal_max_sph=159083.70

1318000	 rho_max_dem=5700.00	u_max_dem= 0.23	ftotal_max_dem= 0.00

1319000	 rho_max_sph= 1.78	u_max_sph=24.21	ftotal_max_sph=159081.66

1319000	 rho_max_dem=5700.00	u_max_dem= 0.23	ftotal_max_dem= 0.00

1320000	 rho_max_sph= 1.78	u_max_sph=24.21	ftotal_max_sph=159082.81

1320000	 rho_max_dem=5700.00	u_max_dem= 0.23	ftotal_max_dem= 0.00

save plot...........................
test Particle 4580
time = 0.660000


1321000	 rho_max_sph= 1.78	u_max_sph=24.21	ftotal_max_sph=159082.97

1321000	 rho_max_dem=5700.00	u_max_dem= 0.23	ftotal_max_dem= 0.00

1322000	 rho_max_sph= 1.78	u_max_sph=24.21	ftotal_max_sph=159082.13

1322000	 rho_max_dem=5700.00	u_max_dem= 0.23	ftotal_max_dem= 0.00

1323000	 rho_max_sph= 1.78	u_max_sph=24.21	ftotal_max_sph=159080.22

1323000	 rho_max_dem=5700.00	u_max_dem= 0.23	ftotal_max_dem= 0.00

1324000	 rho_max_sph= 1.78	u_max_sph=24.21	ftotal_max_sph=159079.43

1324000	 rho_max_dem=5700.00	u_max_dem= 0.22	ftotal_max_dem= 0.00

1325000	 rho_max_sph= 1.78	u_max_sph=24.21	ftotal_max_sph=159078.50

1325000	 rho_max_dem=5700.00	u_max_dem= 0.22	ftotal_max_dem= 0.00

1326000	 rho_max_sph= 1.78	u_max_sph=24.21	ftotal_max_sph=159079.08

1326000	 rho_max_dem=5700.00	u_max_dem= 0.22	ftotal_max_dem= 0.00

1327000	 rho_max_sph= 1.78	u_max_sph=24.21	ftotal_max_sph=159077.69

1327000	 rho_max_dem=5700.00	u_max_dem= 0.22	ftotal_max_dem= 0.00

1328000	 rho_max_sph= 1.78	u_max_sph=24.21	ftotal_max_sph=159077.94

1328000	 rho_max_dem=5700.00	u_max_dem= 0.22	ftotal_max_dem= 0.00

1329000	 rho_max_sph= 1.78	u_max_sph=24.21	ftotal_max_sph=159076.39

1329000	 rho_max_dem=5700.00	u_max_dem= 0.22	ftotal_max_dem= 0.00

1330000	 rho_max_sph= 1.78	u_max_sph=24.21	ftotal_max_sph=159075.29

1330000	 rho_max_dem=5700.00	u_max_dem= 0.22	ftotal_max_dem= 0.00

save plot...........................
test Particle 4580
time = 0.665000


1331000	 rho_max_sph= 1.78	u_max_sph=24.21	ftotal_max_sph=159072.56

1331000	 rho_max_dem=5700.00	u_max_dem= 0.22	ftotal_max_dem= 0.00

1332000	 rho_max_sph= 1.78	u_max_sph=24.21	ftotal_max_sph=159070.15

1332000	 rho_max_dem=5700.00	u_max_dem= 0.22	ftotal_max_dem= 0.00

1333000	 rho_max_sph= 1.78	u_max_sph=24.21	ftotal_max_sph=159069.62

1333000	 rho_max_dem=5700.00	u_max_dem= 0.22	ftotal_max_dem= 0.00

1334000	 rho_max_sph= 1.78	u_max_sph=24.21	ftotal_max_sph=159068.41

1334000	 rho_max_dem=5700.00	u_max_dem= 0.22	ftotal_max_dem= 0.00

1335000	 rho_max_sph= 1.78	u_max_sph=24.21	ftotal_max_sph=159068.90

1335000	 rho_max_dem=5700.00	u_max_dem= 0.23	ftotal_max_dem= 0.00

1336000	 rho_max_sph= 1.78	u_max_sph=24.21	ftotal_max_sph=159069.32

1336000	 rho_max_dem=5700.00	u_max_dem= 0.23	ftotal_max_dem= 0.00

1337000	 rho_max_sph= 1.78	u_max_sph=24.21	ftotal_max_sph=159068.65

1337000	 rho_max_dem=5700.00	u_max_dem= 0.23	ftotal_max_dem= 0.00

1338000	 rho_max_sph= 1.78	u_max_sph=24.21	ftotal_max_sph=159069.54

1338000	 rho_max_dem=5700.00	u_max_dem= 0.23	ftotal_max_dem= 0.00

1339000	 rho_max_sph= 1.78	u_max_sph=24.21	ftotal_max_sph=159068.08

1339000	 rho_max_dem=5700.00	u_max_dem= 0.23	ftotal_max_dem= 0.00

1340000	 rho_max_sph= 1.78	u_max_sph=24.21	ftotal_max_sph=159068.92

1340000	 rho_max_dem=5700.00	u_max_dem= 0.22	ftotal_max_dem= 0.00

save plot...........................
test Particle 4580
time = 0.670000


1341000	 rho_max_sph= 1.78	u_max_sph=24.21	ftotal_max_sph=159071.74

1341000	 rho_max_dem=5700.00	u_max_dem= 0.22	ftotal_max_dem= 0.00

1342000	 rho_max_sph= 1.78	u_max_sph=24.21	ftotal_max_sph=159072.66

1342000	 rho_max_dem=5700.00	u_max_dem= 0.22	ftotal_max_dem= 0.00

1343000	 rho_max_sph= 1.78	u_max_sph=24.21	ftotal_max_sph=159073.62

1343000	 rho_max_dem=5700.00	u_max_dem= 0.22	ftotal_max_dem= 0.00

1344000	 rho_max_sph= 1.78	u_max_sph=24.21	ftotal_max_sph=159076.04

1344000	 rho_max_dem=5700.00	u_max_dem= 0.22	ftotal_max_dem= 0.00

1345000	 rho_max_sph= 1.78	u_max_sph=24.21	ftotal_max_sph=159073.18

1345000	 rho_max_dem=5700.00	u_max_dem= 0.22	ftotal_max_dem= 0.00

1346000	 rho_max_sph= 1.78	u_max_sph=24.21	ftotal_max_sph=159070.89

1346000	 rho_max_dem=5700.00	u_max_dem= 0.22	ftotal_max_dem= 0.00

1347000	 rho_max_sph= 1.78	u_max_sph=24.21	ftotal_max_sph=159068.73

1347000	 rho_max_dem=5700.00	u_max_dem= 0.22	ftotal_max_dem= 0.00

1348000	 rho_max_sph= 1.78	u_max_sph=24.21	ftotal_max_sph=159065.45

1348000	 rho_max_dem=5700.00	u_max_dem= 0.22	ftotal_max_dem= 0.00

1349000	 rho_max_sph= 1.78	u_max_sph=24.21	ftotal_max_sph=159065.18

1349000	 rho_max_dem=5700.00	u_max_dem= 0.21	ftotal_max_dem= 0.00

1350000	 rho_max_sph= 1.78	u_max_sph=24.21	ftotal_max_sph=159059.15

1350000	 rho_max_dem=5700.00	u_max_dem= 0.21	ftotal_max_dem= 0.00

save plot...........................
test Particle 4580
time = 0.675000


1351000	 rho_max_sph= 1.78	u_max_sph=24.21	ftotal_max_sph=159054.10

1351000	 rho_max_dem=5700.00	u_max_dem= 0.21	ftotal_max_dem= 0.00

1352000	 rho_max_sph= 1.78	u_max_sph=24.21	ftotal_max_sph=159050.16

1352000	 rho_max_dem=5700.00	u_max_dem= 0.21	ftotal_max_dem= 0.00

1353000	 rho_max_sph= 1.78	u_max_sph=24.21	ftotal_max_sph=159047.24

1353000	 rho_max_dem=5700.00	u_max_dem= 0.21	ftotal_max_dem= 0.00

1354000	 rho_max_sph= 1.78	u_max_sph=24.21	ftotal_max_sph=159043.13

1354000	 rho_max_dem=5700.00	u_max_dem= 0.21	ftotal_max_dem= 0.00

1355000	 rho_max_sph= 1.78	u_max_sph=24.21	ftotal_max_sph=159041.14

1355000	 rho_max_dem=5700.00	u_max_dem= 0.20	ftotal_max_dem= 0.00

1356000	 rho_max_sph= 1.78	u_max_sph=24.21	ftotal_max_sph=159036.86

1356000	 rho_max_dem=5700.00	u_max_dem= 0.20	ftotal_max_dem= 0.00

1357000	 rho_max_sph= 1.78	u_max_sph=24.21	ftotal_max_sph=159033.59

1357000	 rho_max_dem=5700.00	u_max_dem= 0.17	ftotal_max_dem= 0.00

1358000	 rho_max_sph= 1.78	u_max_sph=24.21	ftotal_max_sph=159031.52

1358000	 rho_max_dem=5700.00	u_max_dem= 0.17	ftotal_max_dem= 0.00

1359000	 rho_max_sph= 1.78	u_max_sph=24.21	ftotal_max_sph=159034.70

1359000	 rho_max_dem=5700.00	u_max_dem= 0.17	ftotal_max_dem= 0.00

1360000	 rho_max_sph= 1.78	u_max_sph=24.21	ftotal_max_sph=159038.62

1360000	 rho_max_dem=5700.00	u_max_dem= 0.16	ftotal_max_dem= 0.00

save plot...........................
test Particle 4580
time = 0.680000


1361000	 rho_max_sph= 1.78	u_max_sph=24.21	ftotal_max_sph=159041.48

1361000	 rho_max_dem=5700.00	u_max_dem= 0.16	ftotal_max_dem= 0.00

1362000	 rho_max_sph= 1.78	u_max_sph=24.21	ftotal_max_sph=159043.91

1362000	 rho_max_dem=5700.00	u_max_dem= 0.16	ftotal_max_dem= 0.00

1363000	 rho_max_sph= 1.78	u_max_sph=24.21	ftotal_max_sph=159044.51

1363000	 rho_max_dem=5700.00	u_max_dem= 0.15	ftotal_max_dem= 0.00

1364000	 rho_max_sph= 1.78	u_max_sph=24.21	ftotal_max_sph=159044.08

1364000	 rho_max_dem=5700.00	u_max_dem= 0.16	ftotal_max_dem= 0.00

1365000	 rho_max_sph= 1.78	u_max_sph=24.21	ftotal_max_sph=159041.10

1365000	 rho_max_dem=5700.00	u_max_dem= 0.15	ftotal_max_dem= 0.00

1366000	 rho_max_sph= 1.78	u_max_sph=24.21	ftotal_max_sph=159038.13

1366000	 rho_max_dem=5700.00	u_max_dem= 0.15	ftotal_max_dem= 0.00

1367000	 rho_max_sph= 1.78	u_max_sph=24.21	ftotal_max_sph=159032.47

1367000	 rho_max_dem=5700.00	u_max_dem= 0.14	ftotal_max_dem= 0.00

1368000	 rho_max_sph= 1.78	u_max_sph=24.21	ftotal_max_sph=159030.64

1368000	 rho_max_dem=5700.00	u_max_dem= 0.15	ftotal_max_dem= 0.00

1369000	 rho_max_sph= 1.78	u_max_sph=24.21	ftotal_max_sph=159025.77

1369000	 rho_max_dem=5700.00	u_max_dem= 0.15	ftotal_max_dem= 0.00

1370000	 rho_max_sph= 1.78	u_max_sph=24.21	ftotal_max_sph=159023.85

1370000	 rho_max_dem=5700.00	u_max_dem= 0.14	ftotal_max_dem= 0.00

save plot...........................
test Particle 4580
time = 0.685000


1371000	 rho_max_sph= 1.78	u_max_sph=24.21	ftotal_max_sph=159017.24

1371000	 rho_max_dem=5700.00	u_max_dem= 0.14	ftotal_max_dem= 0.00

1372000	 rho_max_sph= 1.78	u_max_sph=24.21	ftotal_max_sph=159008.15

1372000	 rho_max_dem=5700.00	u_max_dem= 0.15	ftotal_max_dem= 0.00

1373000	 rho_max_sph= 1.78	u_max_sph=24.21	ftotal_max_sph=159005.32

1373000	 rho_max_dem=5700.00	u_max_dem= 0.15	ftotal_max_dem= 0.00

1374000	 rho_max_sph= 1.78	u_max_sph=24.21	ftotal_max_sph=159000.39

1374000	 rho_max_dem=5700.00	u_max_dem= 0.15	ftotal_max_dem= 0.00

1375000	 rho_max_sph= 1.78	u_max_sph=24.21	ftotal_max_sph=158995.24

1375000	 rho_max_dem=5700.00	u_max_dem= 0.16	ftotal_max_dem= 0.00

1376000	 rho_max_sph= 1.78	u_max_sph=24.21	ftotal_max_sph=158990.79

1376000	 rho_max_dem=5700.00	u_max_dem= 0.16	ftotal_max_dem= 0.00

1377000	 rho_max_sph= 1.78	u_max_sph=24.21	ftotal_max_sph=158986.25

1377000	 rho_max_dem=5700.00	u_max_dem= 0.16	ftotal_max_dem= 0.00

1378000	 rho_max_sph= 1.78	u_max_sph=24.21	ftotal_max_sph=158983.47

1378000	 rho_max_dem=5700.00	u_max_dem= 0.17	ftotal_max_dem= 0.00

1379000	 rho_max_sph= 1.78	u_max_sph=24.21	ftotal_max_sph=158977.84

1379000	 rho_max_dem=5700.00	u_max_dem= 0.17	ftotal_max_dem= 0.00

1380000	 rho_max_sph= 1.78	u_max_sph=24.21	ftotal_max_sph=158980.06

1380000	 rho_max_dem=5700.00	u_max_dem= 0.17	ftotal_max_dem= 0.00

save plot...........................
test Particle 4580
time = 0.690000


1381000	 rho_max_sph= 1.78	u_max_sph=24.21	ftotal_max_sph=158975.58

1381000	 rho_max_dem=5700.00	u_max_dem= 0.18	ftotal_max_dem= 0.00

1382000	 rho_max_sph= 1.78	u_max_sph=24.21	ftotal_max_sph=158968.42

1382000	 rho_max_dem=5700.00	u_max_dem= 0.18	ftotal_max_dem= 0.00

1383000	 rho_max_sph= 1.78	u_max_sph=24.21	ftotal_max_sph=158964.78

1383000	 rho_max_dem=5700.00	u_max_dem= 0.17	ftotal_max_dem= 0.00

1384000	 rho_max_sph= 1.78	u_max_sph=24.21	ftotal_max_sph=158962.74

1384000	 rho_max_dem=5700.00	u_max_dem= 0.15	ftotal_max_dem= 0.00

1385000	 rho_max_sph= 1.78	u_max_sph=24.21	ftotal_max_sph=158958.90

1385000	 rho_max_dem=5700.00	u_max_dem= 0.16	ftotal_max_dem= 0.00

1386000	 rho_max_sph= 1.78	u_max_sph=24.21	ftotal_max_sph=158952.91

1386000	 rho_max_dem=5700.00	u_max_dem= 0.16	ftotal_max_dem= 0.00

1387000	 rho_max_sph= 1.78	u_max_sph=24.21	ftotal_max_sph=158955.57

1387000	 rho_max_dem=5700.00	u_max_dem= 0.16	ftotal_max_dem= 0.00

1388000	 rho_max_sph= 1.78	u_max_sph=24.21	ftotal_max_sph=158951.33

1388000	 rho_max_dem=5700.00	u_max_dem= 0.17	ftotal_max_dem= 0.00

1389000	 rho_max_sph= 1.78	u_max_sph=24.21	ftotal_max_sph=158953.82

1389000	 rho_max_dem=5700.00	u_max_dem= 0.17	ftotal_max_dem= 0.00

1390000	 rho_max_sph= 1.78	u_max_sph=24.21	ftotal_max_sph=158948.36

1390000	 rho_max_dem=5700.00	u_max_dem= 0.18	ftotal_max_dem= 0.00

save plot...........................
test Particle 4580
time = 0.695000


1391000	 rho_max_sph= 1.78	u_max_sph=24.21	ftotal_max_sph=158945.61

1391000	 rho_max_dem=5700.00	u_max_dem= 0.18	ftotal_max_dem= 0.00

1392000	 rho_max_sph= 1.78	u_max_sph=24.21	ftotal_max_sph=158948.59

1392000	 rho_max_dem=5700.00	u_max_dem= 0.19	ftotal_max_dem= 0.00

1393000	 rho_max_sph= 1.78	u_max_sph=24.21	ftotal_max_sph=158951.23

1393000	 rho_max_dem=5700.00	u_max_dem= 0.19	ftotal_max_dem= 0.00

1394000	 rho_max_sph= 1.78	u_max_sph=24.21	ftotal_max_sph=158952.38

1394000	 rho_max_dem=5700.00	u_max_dem= 0.20	ftotal_max_dem= 0.00

1395000	 rho_max_sph= 1.78	u_max_sph=24.21	ftotal_max_sph=158952.09

1395000	 rho_max_dem=5700.00	u_max_dem= 0.20	ftotal_max_dem= 0.00

1396000	 rho_max_sph= 1.78	u_max_sph=24.21	ftotal_max_sph=158950.19

1396000	 rho_max_dem=5700.00	u_max_dem= 0.20	ftotal_max_dem= 0.00

1397000	 rho_max_sph= 1.78	u_max_sph=24.21	ftotal_max_sph=158953.33

1397000	 rho_max_dem=5700.00	u_max_dem= 0.21	ftotal_max_dem= 0.00

1398000	 rho_max_sph= 1.78	u_max_sph=24.21	ftotal_max_sph=158956.66

1398000	 rho_max_dem=5700.00	u_max_dem= 0.21	ftotal_max_dem= 0.00

1399000	 rho_max_sph= 1.78	u_max_sph=24.21	ftotal_max_sph=158957.61

1399000	 rho_max_dem=5700.00	u_max_dem= 0.19	ftotal_max_dem= 0.00

1400000	 rho_max_sph= 1.78	u_max_sph=24.21	ftotal_max_sph=158958.79

1400000	 rho_max_dem=5700.00	u_max_dem= 0.19	ftotal_max_dem= 0.00

save plot...........................
test Particle 4580
time = 0.700000


1401000	 rho_max_sph= 1.78	u_max_sph=24.21	ftotal_max_sph=158962.89

1401000	 rho_max_dem=5700.00	u_max_dem= 0.20	ftotal_max_dem= 0.00

1402000	 rho_max_sph= 1.78	u_max_sph=24.21	ftotal_max_sph=158960.43

1402000	 rho_max_dem=5700.00	u_max_dem= 0.20	ftotal_max_dem= 0.00

1403000	 rho_max_sph= 1.78	u_max_sph=24.21	ftotal_max_sph=158959.45

1403000	 rho_max_dem=5700.00	u_max_dem= 0.21	ftotal_max_dem= 0.00

1404000	 rho_max_sph= 1.78	u_max_sph=24.21	ftotal_max_sph=158951.76

1404000	 rho_max_dem=5700.00	u_max_dem= 0.21	ftotal_max_dem= 0.00

1405000	 rho_max_sph= 1.78	u_max_sph=24.21	ftotal_max_sph=158953.24

1405000	 rho_max_dem=5700.00	u_max_dem= 0.22	ftotal_max_dem= 0.00

1406000	 rho_max_sph= 1.78	u_max_sph=24.21	ftotal_max_sph=158949.79

1406000	 rho_max_dem=5700.00	u_max_dem= 0.19	ftotal_max_dem= 0.00

1407000	 rho_max_sph= 1.78	u_max_sph=24.21	ftotal_max_sph=158949.59

1407000	 rho_max_dem=5700.00	u_max_dem= 0.20	ftotal_max_dem= 0.00

1408000	 rho_max_sph= 1.78	u_max_sph=24.21	ftotal_max_sph=158950.36

1408000	 rho_max_dem=5700.00	u_max_dem= 0.20	ftotal_max_dem= 0.00

1409000	 rho_max_sph= 1.78	u_max_sph=24.21	ftotal_max_sph=158950.84

1409000	 rho_max_dem=5700.00	u_max_dem= 0.21	ftotal_max_dem= 0.00

1410000	 rho_max_sph= 1.78	u_max_sph=24.21	ftotal_max_sph=158948.06

1410000	 rho_max_dem=5700.00	u_max_dem= 0.21	ftotal_max_dem= 0.00

save plot...........................
test Particle 4580
time = 0.705000


1411000	 rho_max_sph= 1.78	u_max_sph=24.21	ftotal_max_sph=158947.10

1411000	 rho_max_dem=5700.00	u_max_dem= 0.22	ftotal_max_dem= 0.00

1412000	 rho_max_sph= 1.78	u_max_sph=24.21	ftotal_max_sph=158946.31

1412000	 rho_max_dem=5700.00	u_max_dem= 0.22	ftotal_max_dem= 0.00

1413000	 rho_max_sph= 1.78	u_max_sph=24.21	ftotal_max_sph=158942.94

1413000	 rho_max_dem=5700.00	u_max_dem= 0.23	ftotal_max_dem= 0.00

1414000	 rho_max_sph= 1.78	u_max_sph=24.21	ftotal_max_sph=158938.51

1414000	 rho_max_dem=5700.00	u_max_dem= 0.23	ftotal_max_dem= 0.00

1415000	 rho_max_sph= 1.78	u_max_sph=24.21	ftotal_max_sph=158934.54

1415000	 rho_max_dem=5700.00	u_max_dem= 0.24	ftotal_max_dem= 0.00

1416000	 rho_max_sph= 1.78	u_max_sph=24.21	ftotal_max_sph=158934.89

1416000	 rho_max_dem=5700.00	u_max_dem= 0.24	ftotal_max_dem= 0.00

1417000	 rho_max_sph= 1.78	u_max_sph=24.21	ftotal_max_sph=158940.63

1417000	 rho_max_dem=5700.00	u_max_dem= 0.24	ftotal_max_dem= 0.00

1418000	 rho_max_sph= 1.78	u_max_sph=24.21	ftotal_max_sph=158942.36

1418000	 rho_max_dem=5700.00	u_max_dem= 0.24	ftotal_max_dem= 0.00

1419000	 rho_max_sph= 1.78	u_max_sph=24.21	ftotal_max_sph=158951.40

1419000	 rho_max_dem=5700.00	u_max_dem= 0.25	ftotal_max_dem= 0.00

1420000	 rho_max_sph= 1.78	u_max_sph=24.21	ftotal_max_sph=158955.41

1420000	 rho_max_dem=5700.00	u_max_dem= 0.25	ftotal_max_dem= 0.00

save plot...........................
test Particle 4580
time = 0.710000


1421000	 rho_max_sph= 1.78	u_max_sph=24.21	ftotal_max_sph=158961.86

1421000	 rho_max_dem=5700.00	u_max_dem= 0.25	ftotal_max_dem= 0.00

1422000	 rho_max_sph= 1.78	u_max_sph=24.21	ftotal_max_sph=158967.14

1422000	 rho_max_dem=5700.00	u_max_dem= 0.25	ftotal_max_dem= 0.00

1423000	 rho_max_sph= 1.78	u_max_sph=24.21	ftotal_max_sph=158972.76

1423000	 rho_max_dem=5700.00	u_max_dem= 0.26	ftotal_max_dem= 0.00

1424000	 rho_max_sph= 1.78	u_max_sph=24.21	ftotal_max_sph=158980.09

1424000	 rho_max_dem=5700.00	u_max_dem= 0.26	ftotal_max_dem= 0.00

1425000	 rho_max_sph= 1.78	u_max_sph=24.21	ftotal_max_sph=158984.21

1425000	 rho_max_dem=5700.00	u_max_dem= 0.26	ftotal_max_dem= 0.00

1426000	 rho_max_sph= 1.78	u_max_sph=24.21	ftotal_max_sph=158985.99

1426000	 rho_max_dem=5700.00	u_max_dem= 0.26	ftotal_max_dem= 0.00

1427000	 rho_max_sph= 1.78	u_max_sph=24.21	ftotal_max_sph=158989.98

1427000	 rho_max_dem=5700.00	u_max_dem= 0.27	ftotal_max_dem= 0.00

1428000	 rho_max_sph= 1.78	u_max_sph=24.21	ftotal_max_sph=158993.96

1428000	 rho_max_dem=5700.00	u_max_dem= 0.27	ftotal_max_dem= 0.00

1429000	 rho_max_sph= 1.78	u_max_sph=24.21	ftotal_max_sph=158999.70

1429000	 rho_max_dem=5700.00	u_max_dem= 0.27	ftotal_max_dem= 0.00

1430000	 rho_max_sph= 1.78	u_max_sph=24.21	ftotal_max_sph=159000.83

1430000	 rho_max_dem=5700.00	u_max_dem= 0.28	ftotal_max_dem= 0.00

save plot...........................
test Particle 4580
time = 0.715000


1431000	 rho_max_sph= 1.78	u_max_sph=24.21	ftotal_max_sph=159003.99

1431000	 rho_max_dem=5700.00	u_max_dem= 0.28	ftotal_max_dem= 0.00

1432000	 rho_max_sph= 1.78	u_max_sph=24.21	ftotal_max_sph=159008.25

1432000	 rho_max_dem=5700.00	u_max_dem= 0.28	ftotal_max_dem= 0.00

1433000	 rho_max_sph= 1.78	u_max_sph=24.21	ftotal_max_sph=159008.94

1433000	 rho_max_dem=5700.00	u_max_dem= 0.29	ftotal_max_dem= 0.00

1434000	 rho_max_sph= 1.78	u_max_sph=24.21	ftotal_max_sph=159008.33

1434000	 rho_max_dem=5700.00	u_max_dem= 0.29	ftotal_max_dem= 0.00

1435000	 rho_max_sph= 1.78	u_max_sph=24.21	ftotal_max_sph=159007.76

1435000	 rho_max_dem=5700.00	u_max_dem= 0.30	ftotal_max_dem= 0.00

1436000	 rho_max_sph= 1.78	u_max_sph=24.21	ftotal_max_sph=159007.92

1436000	 rho_max_dem=5700.00	u_max_dem= 0.30	ftotal_max_dem= 0.00

1437000	 rho_max_sph= 1.78	u_max_sph=24.21	ftotal_max_sph=159009.33

1437000	 rho_max_dem=5700.00	u_max_dem= 0.29	ftotal_max_dem= 0.00

1438000	 rho_max_sph= 1.78	u_max_sph=24.21	ftotal_max_sph=159009.15

1438000	 rho_max_dem=5700.00	u_max_dem= 0.30	ftotal_max_dem= 0.00

1439000	 rho_max_sph= 1.78	u_max_sph=24.21	ftotal_max_sph=159008.64

1439000	 rho_max_dem=5700.00	u_max_dem= 0.25	ftotal_max_dem= 0.00

1440000	 rho_max_sph= 1.78	u_max_sph=24.21	ftotal_max_sph=159010.06

1440000	 rho_max_dem=5700.00	u_max_dem= 0.25	ftotal_max_dem= 0.00

save plot...........................
test Particle 4580
time = 0.720000


1441000	 rho_max_sph= 1.78	u_max_sph=24.21	ftotal_max_sph=159013.30

1441000	 rho_max_dem=5700.00	u_max_dem= 0.26	ftotal_max_dem= 0.00

1442000	 rho_max_sph= 1.78	u_max_sph=24.21	ftotal_max_sph=159014.95

1442000	 rho_max_dem=5700.00	u_max_dem= 0.26	ftotal_max_dem= 0.00

1443000	 rho_max_sph= 1.78	u_max_sph=24.21	ftotal_max_sph=159017.57

1443000	 rho_max_dem=5700.00	u_max_dem= 0.27	ftotal_max_dem= 0.00

1444000	 rho_max_sph= 1.78	u_max_sph=24.21	ftotal_max_sph=159018.31

1444000	 rho_max_dem=5700.00	u_max_dem= 0.27	ftotal_max_dem= 0.00

1445000	 rho_max_sph= 1.78	u_max_sph=24.21	ftotal_max_sph=159021.95

1445000	 rho_max_dem=5700.00	u_max_dem= 0.28	ftotal_max_dem= 0.00

1446000	 rho_max_sph= 1.78	u_max_sph=24.21	ftotal_max_sph=159025.78

1446000	 rho_max_dem=5700.00	u_max_dem= 0.28	ftotal_max_dem= 0.00

1447000	 rho_max_sph= 1.78	u_max_sph=24.21	ftotal_max_sph=159029.93

1447000	 rho_max_dem=5700.00	u_max_dem= 0.29	ftotal_max_dem= 0.00

1448000	 rho_max_sph= 1.78	u_max_sph=24.21	ftotal_max_sph=159037.56

1448000	 rho_max_dem=5700.00	u_max_dem= 0.29	ftotal_max_dem= 0.00

1449000	 rho_max_sph= 1.78	u_max_sph=24.21	ftotal_max_sph=159044.30

1449000	 rho_max_dem=5700.00	u_max_dem= 0.30	ftotal_max_dem= 0.00

1450000	 rho_max_sph= 1.78	u_max_sph=24.21	ftotal_max_sph=159050.68

1450000	 rho_max_dem=5700.00	u_max_dem= 0.27	ftotal_max_dem= 0.00

save plot...........................
test Particle 4580
time = 0.725000


1451000	 rho_max_sph= 1.78	u_max_sph=24.21	ftotal_max_sph=159058.67

1451000	 rho_max_dem=5700.00	u_max_dem= 0.28	ftotal_max_dem= 0.00

1452000	 rho_max_sph= 1.78	u_max_sph=24.21	ftotal_max_sph=159066.62

1452000	 rho_max_dem=5700.00	u_max_dem= 0.29	ftotal_max_dem= 0.00

1453000	 rho_max_sph= 1.78	u_max_sph=24.21	ftotal_max_sph=159073.78

1453000	 rho_max_dem=5700.00	u_max_dem= 0.29	ftotal_max_dem= 0.00

1454000	 rho_max_sph= 1.78	u_max_sph=24.21	ftotal_max_sph=159081.27

1454000	 rho_max_dem=5700.00	u_max_dem= 0.30	ftotal_max_dem= 0.00

1455000	 rho_max_sph= 1.78	u_max_sph=24.21	ftotal_max_sph=159086.28

1455000	 rho_max_dem=5700.00	u_max_dem= 0.30	ftotal_max_dem= 0.00

1456000	 rho_max_sph= 1.78	u_max_sph=24.21	ftotal_max_sph=159097.05

1456000	 rho_max_dem=5700.00	u_max_dem= 0.31	ftotal_max_dem= 0.00

1457000	 rho_max_sph= 1.78	u_max_sph=24.21	ftotal_max_sph=159104.43

1457000	 rho_max_dem=5700.00	u_max_dem= 0.31	ftotal_max_dem= 0.00

1458000	 rho_max_sph= 1.78	u_max_sph=24.21	ftotal_max_sph=159107.43

1458000	 rho_max_dem=5700.00	u_max_dem= 0.32	ftotal_max_dem= 0.00

1459000	 rho_max_sph= 1.78	u_max_sph=24.21	ftotal_max_sph=159110.18

1459000	 rho_max_dem=5700.00	u_max_dem= 0.32	ftotal_max_dem= 0.00

1460000	 rho_max_sph= 1.78	u_max_sph=24.21	ftotal_max_sph=159116.18

1460000	 rho_max_dem=5700.00	u_max_dem= 0.32	ftotal_max_dem= 0.00

save plot...........................
test Particle 4580
time = 0.730000


1461000	 rho_max_sph= 1.78	u_max_sph=24.21	ftotal_max_sph=159117.82

1461000	 rho_max_dem=5700.00	u_max_dem= 0.33	ftotal_max_dem= 0.00

1462000	 rho_max_sph= 1.78	u_max_sph=24.21	ftotal_max_sph=159117.99

1462000	 rho_max_dem=5700.00	u_max_dem= 0.33	ftotal_max_dem= 0.00

1463000	 rho_max_sph= 1.78	u_max_sph=24.21	ftotal_max_sph=159120.27

1463000	 rho_max_dem=5700.00	u_max_dem= 0.33	ftotal_max_dem= 0.00

1464000	 rho_max_sph= 1.78	u_max_sph=24.21	ftotal_max_sph=159122.10

1464000	 rho_max_dem=5700.00	u_max_dem= 0.33	ftotal_max_dem= 0.00

1465000	 rho_max_sph= 1.78	u_max_sph=24.21	ftotal_max_sph=159125.80

1465000	 rho_max_dem=5700.00	u_max_dem= 0.34	ftotal_max_dem= 0.00

1466000	 rho_max_sph= 1.78	u_max_sph=24.21	ftotal_max_sph=159126.41

1466000	 rho_max_dem=5700.00	u_max_dem= 0.34	ftotal_max_dem= 0.00

1467000	 rho_max_sph= 1.78	u_max_sph=24.21	ftotal_max_sph=159127.39

1467000	 rho_max_dem=5700.00	u_max_dem= 0.34	ftotal_max_dem= 0.00

1468000	 rho_max_sph= 1.78	u_max_sph=24.21	ftotal_max_sph=159129.85

1468000	 rho_max_dem=5700.00	u_max_dem= 0.33	ftotal_max_dem= 0.00

1469000	 rho_max_sph= 1.78	u_max_sph=24.21	ftotal_max_sph=159131.33

1469000	 rho_max_dem=5700.00	u_max_dem= 0.29	ftotal_max_dem= 0.00

1470000	 rho_max_sph= 1.78	u_max_sph=24.21	ftotal_max_sph=159131.81

1470000	 rho_max_dem=5700.00	u_max_dem= 0.29	ftotal_max_dem= 0.00

save plot...........................
test Particle 4580
time = 0.735000


1471000	 rho_max_sph= 1.78	u_max_sph=24.21	ftotal_max_sph=159133.36

1471000	 rho_max_dem=5700.00	u_max_dem= 0.29	ftotal_max_dem= 0.00

1472000	 rho_max_sph= 1.78	u_max_sph=24.21	ftotal_max_sph=159133.74

1472000	 rho_max_dem=5700.00	u_max_dem= 0.30	ftotal_max_dem= 0.00

1473000	 rho_max_sph= 1.78	u_max_sph=24.21	ftotal_max_sph=159134.32

1473000	 rho_max_dem=5700.00	u_max_dem= 0.30	ftotal_max_dem= 0.00

1474000	 rho_max_sph= 1.78	u_max_sph=24.21	ftotal_max_sph=159137.75

1474000	 rho_max_dem=5700.00	u_max_dem= 0.31	ftotal_max_dem= 0.00

1475000	 rho_max_sph= 1.78	u_max_sph=24.21	ftotal_max_sph=159139.05

1475000	 rho_max_dem=5700.00	u_max_dem= 0.28	ftotal_max_dem= 0.00

1476000	 rho_max_sph= 1.78	u_max_sph=24.21	ftotal_max_sph=159140.98

1476000	 rho_max_dem=5700.00	u_max_dem= 0.26	ftotal_max_dem= 0.00

1477000	 rho_max_sph= 1.78	u_max_sph=24.21	ftotal_max_sph=159145.34

1477000	 rho_max_dem=5700.00	u_max_dem= 0.26	ftotal_max_dem= 0.00

1478000	 rho_max_sph= 1.78	u_max_sph=24.21	ftotal_max_sph=159147.10

1478000	 rho_max_dem=5700.00	u_max_dem= 0.27	ftotal_max_dem= 0.00

1479000	 rho_max_sph= 1.78	u_max_sph=24.21	ftotal_max_sph=159148.76

1479000	 rho_max_dem=5700.00	u_max_dem= 0.28	ftotal_max_dem= 0.00

1480000	 rho_max_sph= 1.78	u_max_sph=24.21	ftotal_max_sph=159151.96

1480000	 rho_max_dem=5700.00	u_max_dem= 0.28	ftotal_max_dem= 0.00

save plot...........................
test Particle 4580
time = 0.740000


1481000	 rho_max_sph= 1.78	u_max_sph=24.21	ftotal_max_sph=159155.21

1481000	 rho_max_dem=5700.00	u_max_dem= 0.29	ftotal_max_dem= 0.00

1482000	 rho_max_sph= 1.78	u_max_sph=24.21	ftotal_max_sph=159156.44

1482000	 rho_max_dem=5700.00	u_max_dem= 0.29	ftotal_max_dem= 0.00

1483000	 rho_max_sph= 1.78	u_max_sph=24.21	ftotal_max_sph=159159.23

1483000	 rho_max_dem=5700.00	u_max_dem= 0.30	ftotal_max_dem= 0.00

1484000	 rho_max_sph= 1.78	u_max_sph=24.21	ftotal_max_sph=159160.82

1484000	 rho_max_dem=5700.00	u_max_dem= 0.30	ftotal_max_dem= 0.00

1485000	 rho_max_sph= 1.78	u_max_sph=24.21	ftotal_max_sph=159165.24

1485000	 rho_max_dem=5700.00	u_max_dem= 0.30	ftotal_max_dem= 0.00

1486000	 rho_max_sph= 1.78	u_max_sph=24.21	ftotal_max_sph=159165.33

1486000	 rho_max_dem=5700.00	u_max_dem= 0.31	ftotal_max_dem= 0.00

1487000	 rho_max_sph= 1.78	u_max_sph=24.21	ftotal_max_sph=159164.70

1487000	 rho_max_dem=5700.00	u_max_dem= 0.31	ftotal_max_dem= 0.00

1488000	 rho_max_sph= 1.78	u_max_sph=24.21	ftotal_max_sph=159164.19

1488000	 rho_max_dem=5700.00	u_max_dem= 0.28	ftotal_max_dem= 0.00

1489000	 rho_max_sph= 1.78	u_max_sph=24.21	ftotal_max_sph=159163.34

1489000	 rho_max_dem=5700.00	u_max_dem= 0.28	ftotal_max_dem= 0.00

1490000	 rho_max_sph= 1.78	u_max_sph=24.21	ftotal_max_sph=159162.38

1490000	 rho_max_dem=5700.00	u_max_dem= 0.29	ftotal_max_dem= 0.00

save plot...........................
test Particle 4580
time = 0.745000


1491000	 rho_max_sph= 1.78	u_max_sph=24.21	ftotal_max_sph=159161.82

1491000	 rho_max_dem=5700.00	u_max_dem= 0.29	ftotal_max_dem= 0.00

1492000	 rho_max_sph= 1.78	u_max_sph=24.21	ftotal_max_sph=159158.47

1492000	 rho_max_dem=5700.00	u_max_dem= 0.30	ftotal_max_dem= 0.00

1493000	 rho_max_sph= 1.78	u_max_sph=24.21	ftotal_max_sph=159155.35

1493000	 rho_max_dem=5700.00	u_max_dem= 0.30	ftotal_max_dem= 0.00

1494000	 rho_max_sph= 1.78	u_max_sph=24.21	ftotal_max_sph=159155.14

1494000	 rho_max_dem=5700.00	u_max_dem= 0.30	ftotal_max_dem= 0.00

1495000	 rho_max_sph= 1.78	u_max_sph=24.21	ftotal_max_sph=159152.18

1495000	 rho_max_dem=5700.00	u_max_dem= 0.31	ftotal_max_dem= 0.00

1496000	 rho_max_sph= 1.78	u_max_sph=24.21	ftotal_max_sph=159150.41

1496000	 rho_max_dem=5700.00	u_max_dem= 0.31	ftotal_max_dem= 0.00

1497000	 rho_max_sph= 1.78	u_max_sph=24.21	ftotal_max_sph=159146.99

1497000	 rho_max_dem=5700.00	u_max_dem= 0.32	ftotal_max_dem= 0.00

1498000	 rho_max_sph= 1.78	u_max_sph=24.21	ftotal_max_sph=159145.18

1498000	 rho_max_dem=5700.00	u_max_dem= 0.29	ftotal_max_dem= 0.00

1499000	 rho_max_sph= 1.78	u_max_sph=24.21	ftotal_max_sph=159144.70

1499000	 rho_max_dem=5700.00	u_max_dem= 0.29	ftotal_max_dem= 0.00

1500000	 rho_max_sph= 1.78	u_max_sph=24.21	ftotal_max_sph=159144.82

1500000	 rho_max_dem=5700.00	u_max_dem= 0.29	ftotal_max_dem= 0.00

save plot...........................
test Particle 4580
time = 0.750000


1501000	 rho_max_sph= 1.78	u_max_sph=24.21	ftotal_max_sph=159144.23

1501000	 rho_max_dem=5700.00	u_max_dem= 0.27	ftotal_max_dem= 0.00

1502000	 rho_max_sph= 1.78	u_max_sph=24.21	ftotal_max_sph=159144.51

1502000	 rho_max_dem=5700.00	u_max_dem= 0.27	ftotal_max_dem= 0.00

1503000	 rho_max_sph= 1.78	u_max_sph=24.21	ftotal_max_sph=159143.8